Workbook

Sheet Employees List
A1: Months | B1: Employee Code | C1: Name | D1: ESI Number | E1: Bank Name | F1: Account Number | G1: Total Wages 24 - 25 | H1: No of Days in a Month 2024
A2: April | B2: AC 01 | C2: BHUVANESWARAN | E2: CUB | F2: 500101011548924 | G2: 60000 | H2: 30
A3: May | B3: PR 01 | C3: VASANTHA | E3: DBS | F3: 8131010000016959 | G3: 12000 | H3: 31
A4: June | B4: PR 02 | C4: GANESH | E4: DBS | F4: 8811010012054879 | G4: 17500 | H4: 30
A5: July | B5: PR 03 | C5: ADHIKARI BALIA | E5: DBS | F5: 8131010000018948 | G5: 12000 | H5: 31
A6: August | B6: PR 04 | C6: RUPESH | E6: DBS | F6: 8131010000020156 | G6: 12000 | H6: 31
A7: September | B7: PR 05 | C7: SANJAI BHAGAT | E7: DBS | F7: 8131010000021225 | G7: 12000 | H7: 30
A8: October | B8: PR 06 | C8: ARUMUGAM | G8: 19000 | H8: 31
A9: November | B9: PR 07 | C9: AMMU | E9: IOB | F9: 65801000040238 | G9: 9500 | H9: 30
A10: December | B10: PR 08 | C10: REVATHI S | E10: DBS | F10: 8131010000016995 | G10: 9500 | H10: 31
A11: January | B11: PR 09 | C11: ABINAYA | G11: 9000 | H11: 31
A12: February | B12: PR 10 | C12: ANITHA | G12: 9000 | H12: 28
A13: March | B13: PR 11 | C13: KARTHICK | G13: 8000 | H13: 31
B14: PR 12 | C14: PINU BAGH | E14: DBS | F14: 8131010000018814 | G14: 11000
B15: PR 13 | C15: SAMSON | G15: 10500
B16: PR 14 | C16: REVATHI V | G16: 9000
B17: PR 15 | C17: BHAVANI | G17: 9000
B18: PR 16 | C18: VENKATESH | G18: 8000
B19: AC 02 | C19: SUNDARI | E19: DBS | F19: 8131010000016977 | G19: 18000
B20: AC 03 | C20: LEELA | E20: DBS | F20: 8387010000017745 | G20: 13000
B21: DR 01 | C21: Mathi | E21: DBS | F21: 8131010000016986 | G21: 20000
B22: PR 17 | C22: MUKESH | G22: 9250
B23: PR 18 | C23: NAROTTAM | G23: 11000
B24: PR 19 | C24: SIDHESHWAR | E24: DBS | F24: 8131010000018939 | G24: 10500
B25: PR 20 | C25: JAGABANDH | E25: DBS | F25: 8131010000018920 | G25: 12000
B26: PR 21 | C26: LIPAN | E26: DBS | F26: 8131010000018957 | G26: 12000
B27: PR 22 | C27: JISHU | G27: 10000
B28: PR 23 | C28: MADHAVAN | G28: 10000
B29: PR 24 | C29: NILAMANI | E29: SBI | F29: 38254473147 | G29: 11000
B30: PR 25 | C30: SAGAR | G30: 16000
B31: PR 26 | C31: CHINMAY PRADHAN | G31: 10000
B32: PR 27 | C32: PARSHU BAGH | E32: SBI | F32: 40653547928 | G32: 12000
B33: PR 28 | C33: GANESH KISAN | G33: 10000
B34: PR 29 | C34: MADAN | G34: 14000
B35: PR 30 | C35: PRAKASH | G35: 10000
B36: PR 31 | C36: AMARNGTH KISAN | G36: 11000
B37: PR 32 | C37: RANJAN BAGH | G37: 10000
B38: PR 33 | C38: SURUBABU ANGRIA | G38: 10000
B39: PR 34 | C39: PANKAJ BAGH | G39: 10000
B40: PR 35 | C40: PRINCE BADRA | G40: 10000
B41: PR 36 | C41: DILL KUMAR | G41: 10000

Sheet Daily Attendance Report 24-25
F1: 1 | H1: 2 | J1: 3 | L1: 4 | N1: 5 | P1: 6 | R1: 7 | T1: 8 | V1: 9 | X1: 10 | Z1: 11 | AB1: 12 | AD1: 13 | AF1: 14 | AH1: 15 | AJ1: 16 | AL1: 17 | AN1: 18 | AP1: 19 | AR1: 20 | AT1: 21 | AV1: 22 | AX1: 23 | AZ1: 24 | BB1: 25 | BD1: 26 | BF1: 27 | BH1: 28 | BJ1: 29 | BL1: 30 | BN1: 31
C2: 45352
C3: Employee Code | D3: Name | E3: Days Present / OT Hours | F3: M | G3: A | H3: M | I3: A | J3: M | K3: A | L3: M | M3: A | N3: M | O3: A | P3: M | Q3: A | R3: M | S3: A | T3: M | U3: A | V3: M | W3: A | X3: M | Y3: A | Z3: M | AA3: A | AB3: M | AC3: A | AD3: M | AE3: A | AF3: M | AG3: A | AH3: M | AI3: A | AJ3: M | AK3: A | AL3: M | AM3: A | AN3: M | AO3: A | AP3: M | AQ3: A | AR3: M | AS3: A | AT3: M | AU3: A | AV3: M | AW3: A | AX3: M | AY3: A | AZ3: M | BA3: A | BB3: M | BC3: A | BD3: M | BE3: A | BF3: M | BG3: A | BH3: M | BI3: A | BJ3: M | BK3: A | BL3: M | BM3: A | BN3: M | BO3: A
A4: =B4&D4 -> March | B4: March | D4: =IFERROR(VLOOKUP(C4,'Employees List'!$B$2:$C$28,2,0),"") | E4: =($F$4+$G$4+$H$4+$I$4+$J$4+$K$4+$L$4+$M$4+$N$4+$O$4+$P$4+$Q$4+$R$4+$S$4+$T$4+$U$4+$V$4+$W$4+$X$4+$Y$4+$Z$4+$AA$4+$AB$4+$AC$4+$AD$4+$AE$4+$AF$4+$AG$4+$AH$4+$AI$4+$AJ$4+$AK$4+$AL$4+$AM$4+$AN$4+$AO$4+$AP$4+$AQ$4+$AR$4+$AS$4+$AT$4+$AU$4+$AV$4+$AW$4+$AX$4+$AY$4+$AZ$4+$BA$4+$BB$4+$BC$4+$BD$4+$BE$4+$BF$4+$BG$4+$BH$4+$BI$4+$BJ$4+$BK$4+$BL$4+$BM$4+$BN$4+$BO$4)/2 -> 0 | F4: FALSE | G4: FALSE | H4: FALSE | I4: FALSE | J4: FALSE | K4: FALSE | L4: FALSE | M4: FALSE | N4: FALSE | O4: FALSE | P4: FALSE | Q4: FALSE | R4: FALSE | S4: FALSE | T4: FALSE | U4: FALSE | V4: FALSE | W4: FALSE | X4: FALSE | Y4: FALSE | Z4: FALSE | AA4: FALSE | AB4: FALSE | AC4: FALSE | AD4: FALSE | AE4: FALSE | AF4: FALSE | AG4: FALSE | AH4: FALSE | AI4: FALSE | AJ4: FALSE | AK4: FALSE | AL4: FALSE | AM4: FALSE | AN4: FALSE | AO4: FALSE | AP4: FALSE | AQ4: FALSE | AR4: FALSE | AS4: FALSE | AT4: FALSE | AU4: FALSE | AV4: FALSE | AW4: FALSE | AX4: FALSE | AY4: FALSE | AZ4: FALSE | BA4: FALSE | BB4: FALSE | BC4: FALSE | BD4: FALSE | BE4: FALSE | BF4: FALSE | BG4: FALSE | BH4: FALSE | BI4: FALSE | BJ4: FALSE | BK4: FALSE | BL4: FALSE | BM4: FALSE | BN4: FALSE | BO4: FALSE
A5: =A4&C5 -> MarchOT HOURS | C5: OT HOURS | E5: =SUM($F$5:$BO$5) -> 0
A6: =B6&D6 -> March | B6: March | D6: =IFERROR(VLOOKUP(C6,'Employees List'!$B$2:$C$28,2,0),"") | E6: =($F$6+$G$6+$H$6+$I$6+$J$6+$K$6+$L$6+$M$6+$N$6+$O$6+$P$6+$Q$6+$R$6+$S$6+$T$6+$U$6+$V$6+$W$6+$X$6+$Y$6+$Z$6+$AA$6+$AB$6+$AC$6+$AD$6+$AE$6+$AF$6+$AG$6+$AH$6+$AI$6+$AJ$6+$AK$6+$AL$6+$AM$6+$AN$6+$AO$6+$AP$6+$AQ$6+$AR$6+$AS$6+$AT$6+$AU$6+$AV$6+$AW$6+$AX$6+$AY$6+$AZ$6+$BA$6+$BB$6+$BC$6+$BD$6+$BE$6+$BF$6+$BG$6+$BH$6+$BI$6+$BJ$6+$BK$6+$BL$6+$BM$6+$BN$6+$BO$6)/2 -> 0 | F6: FALSE | G6: FALSE | H6: FALSE | I6: FALSE | J6: FALSE | K6: FALSE | L6: FALSE | M6: FALSE | N6: FALSE | O6: FALSE | P6: FALSE | Q6: FALSE | R6: FALSE | S6: FALSE | T6: FALSE | U6: FALSE | V6: FALSE | W6: FALSE | X6: FALSE | Y6: FALSE | Z6: FALSE | AA6: FALSE | AB6: FALSE | AC6: FALSE | AD6: FALSE | AE6: FALSE | AF6: FALSE | AG6: FALSE | AH6: FALSE | AI6: FALSE | AJ6: FALSE | AK6: FALSE | AL6: FALSE | AM6: FALSE | AN6: FALSE | AO6: FALSE | AP6: FALSE | AQ6: FALSE | AR6: FALSE | AS6: FALSE | AT6: FALSE | AU6: FALSE | AV6: FALSE | AW6: FALSE | AX6: FALSE | AY6: FALSE | AZ6: FALSE | BA6: FALSE | BB6: FALSE | BC6: FALSE | BD6: FALSE | BE6: FALSE | BF6: FALSE | BG6: FALSE | BH6: FALSE | BI6: FALSE | BJ6: FALSE | BK6: FALSE | BL6: FALSE | BM6: FALSE | BN6: FALSE | BO6: FALSE
A7: =A6&C7 -> MarchOT HOURS | C7: OT HOURS | E7: =SUM($F$7:$BO$7) -> 0
A8: =B8&D8 -> March | B8: March | D8: =IFERROR(VLOOKUP(C8,'Employees List'!$B$2:$C$28,2,0),"") | E8: =($F$8+$G$8+$H$8+$I$8+$J$8+$K$8+$L$8+$M$8+$N$8+$O$8+$P$8+$Q$8+$R$8+$S$8+$T$8+$U$8+$V$8+$W$8+$X$8+$Y$8+$Z$8+$AA$8+$AB$8+$AC$8+$AD$8+$AE$8+$AF$8+$AG$8+$AH$8+$AI$8+$AJ$8+$AK$8+$AL$8+$AM$8+$AN$8+$AO$8+$AP$8+$AQ$8+$AR$8+$AS$8+$AT$8+$AU$8+$AV$8+$AW$8+$AX$8+$AY$8+$AZ$8+$BA$8+$BB$8+$BC$8+$BD$8+$BE$8+$BF$8+$BG$8+$BH$8+$BI$8+$BJ$8+$BK$8+$BL$8+$BM$8+$BN$8+$BO$8)/2 -> 0 | F8: FALSE | G8: FALSE | H8: FALSE | I8: FALSE | J8: FALSE | K8: FALSE | L8: FALSE | M8: FALSE | N8: FALSE | O8: FALSE | P8: FALSE | Q8: FALSE | R8: FALSE | S8: FALSE | T8: FALSE | U8: FALSE | V8: FALSE | W8: FALSE | X8: FALSE | Y8: FALSE | Z8: FALSE | AA8: FALSE | AB8: FALSE | AC8: FALSE | AD8: FALSE | AE8: FALSE | AF8: FALSE | AG8: FALSE | AH8: FALSE | AI8: FALSE | AJ8: FALSE | AK8: FALSE | AL8: FALSE | AM8: FALSE | AN8: FALSE | AO8: FALSE | AP8: FALSE | AQ8: FALSE | AR8: FALSE | AS8: FALSE | AT8: FALSE | AU8: FALSE | AV8: FALSE | AW8: FALSE | AX8: FALSE | AY8: FALSE | AZ8: FALSE | BA8: FALSE | BB8: FALSE | BC8: FALSE | BD8: FALSE | BE8: FALSE | BF8: FALSE | BG8: FALSE | BH8: FALSE | BI8: FALSE | BJ8: FALSE | BK8: FALSE | BL8: FALSE | BM8: FALSE | BN8: FALSE | BO8: FALSE
A9: =A8&C9 -> MarchOT HOURS | C9: OT HOURS | E9: =SUM($F$9:$BO$9) -> 0
A10: =B10&D10 -> March | B10: March | D10: =IFERROR(VLOOKUP(C10,'Employees List'!$B$2:$C$28,2,0),"") | E10: =(F10+G10+H10+I10+J10+K10+L10+M10+N10+O10+P10+Q10+R10+S10+T10+U10+V10+W10+X10+Y10+Z10+AA10+AB10+AC10+AD10+AE10+AF10+AG10+AH10+AI10+AJ10+AK10+AL10+AM10+AN10+AO10+AP10+AQ10+AR10+AS10+AT10+AU10+AV10+AW10+AX10+AY10+AZ10+BA10+BB10+BC10+BD10+BE10+BF10+BG10+BH10+BI10+BJ10+BK10+BL10+BM10+BN10+BO10)/2 -> 0 | F10: FALSE | G10: FALSE | H10: FALSE | I10: FALSE | J10: FALSE | K10: FALSE | L10: FALSE | M10: FALSE | N10: FALSE | O10: FALSE | P10: FALSE | Q10: FALSE | R10: FALSE | S10: FALSE | T10: FALSE | U10: FALSE | V10: FALSE | W10: FALSE | X10: FALSE | Y10: FALSE | Z10: FALSE | AA10: FALSE | AB10: FALSE | AC10: FALSE | AD10: FALSE | AE10: FALSE | AF10: FALSE | AG10: FALSE | AH10: FALSE | AI10: FALSE | AJ10: FALSE | AK10: FALSE | AL10: FALSE | AM10: FALSE | AN10: FALSE | AO10: FALSE | AP10: FALSE | AQ10: FALSE | AR10: FALSE | AS10: FALSE | AT10: FALSE | AU10: FALSE | AV10: FALSE | AW10: FALSE | AX10: FALSE | AY10: FALSE | AZ10: FALSE | BA10: FALSE | BB10: FALSE | BC10: FALSE | BD10: FALSE | BE10: FALSE | BF10: FALSE | BG10: FALSE | BH10: FALSE | BI10: FALSE | BJ10: FALSE | BK10: FALSE | BL10: FALSE | BM10: FALSE | BN10: FALSE | BO10: FALSE
A11: =A10&C11 -> MarchOT HOURS | C11: OT HOURS | E11: =SUM(F11:BO11) -> 0
A12: =B12&D12 -> March | B12: March | D12: =IFERROR(VLOOKUP(C12,'Employees List'!$B$2:$C$28,2,0),"") | E12: =(F12+G12+H12+I12+J12+K12+L12+M12+N12+O12+P12+Q12+R12+S12+T12+U12+V12+W12+X12+Y12+Z12+AA12+AB12+AC12+AD12+AE12+AF12+AG12+AH12+AI12+AJ12+AK12+AL12+AM12+AN12+AO12+AP12+AQ12+AR12+AS12+AT12+AU12+AV12+AW12+AX12+AY12+AZ12+BA12+BB12+BC12+BD12+BE12+BF12+BG12+BH12+BI12+BJ12+BK12+BL12+BM12+BN12+BO12)/2 -> 0 | F12: FALSE | G12: FALSE | H12: FALSE | I12: FALSE | J12: FALSE | K12: FALSE | L12: FALSE | M12: FALSE | N12: FALSE | O12: FALSE | P12: FALSE | Q12: FALSE | R12: FALSE | S12: FALSE | T12: FALSE | U12: FALSE | V12: FALSE | W12: FALSE | X12: FALSE | Y12: FALSE | Z12: FALSE | AA12: FALSE | AB12: FALSE | AC12: FALSE | AD12: FALSE | AE12: FALSE | AF12: FALSE | AG12: FALSE | AH12: FALSE | AI12: FALSE | AJ12: FALSE | AK12: FALSE | AL12: FALSE | AM12: FALSE | AN12: FALSE | AO12: FALSE | AP12: FALSE | AQ12: FALSE | AR12: FALSE | AS12: FALSE | AT12: FALSE | AU12: FALSE | AV12: FALSE | AW12: FALSE | AX12: FALSE | AY12: FALSE | AZ12: FALSE | BA12: FALSE | BB12: FALSE | BC12: FALSE | BD12: FALSE | BE12: FALSE | BF12: FALSE | BG12: FALSE | BH12: FALSE | BI12: FALSE | BJ12: FALSE | BK12: FALSE | BL12: FALSE | BM12: FALSE | BN12: FALSE | BO12: FALSE
A13: =A12&C13 -> MarchOT HOURS | C13: OT HOURS | E13: =SUM(F13:BO13) -> 0
A14: =B14&D14 -> March | B14: March | D14: =IFERROR(VLOOKUP(C14,'Employees List'!$B$2:$C$28,2,0),"") | E14: =(F14+G14+H14+I14+J14+K14+L14+M14+N14+O14+P14+Q14+R14+S14+T14+U14+V14+W14+X14+Y14+Z14+AA14+AB14+AC14+AD14+AE14+AF14+AG14+AH14+AI14+AJ14+AK14+AL14+AM14+AN14+AO14+AP14+AQ14+AR14+AS14+AT14+AU14+AV14+AW14+AX14+AY14+AZ14+BA14+BB14+BC14+BD14+BE14+BF14+BG14+BH14+BI14+BJ14+BK14+BL14+BM14+BN14+BO14)/2 -> 0 | F14: FALSE | G14: FALSE | H14: FALSE | I14: FALSE | J14: FALSE | K14: FALSE | L14: FALSE | M14: FALSE | N14: FALSE | O14: FALSE | P14: FALSE | Q14: FALSE | R14: FALSE | S14: FALSE | T14: FALSE | U14: FALSE | V14: FALSE | W14: FALSE | X14: FALSE | Y14: FALSE | Z14: FALSE | AA14: FALSE | AB14: FALSE | AC14: FALSE | AD14: FALSE | AE14: FALSE | AF14: FALSE | AG14: FALSE | AH14: FALSE | AI14: FALSE | AJ14: FALSE | AK14: FALSE | AL14: FALSE | AM14: FALSE | AN14: FALSE | AO14: FALSE | AP14: FALSE | AQ14: FALSE | AR14: FALSE | AS14: FALSE | AT14: FALSE | AU14: FALSE | AV14: FALSE | AW14: FALSE | AX14: FALSE | AY14: FALSE | AZ14: FALSE | BA14: FALSE | BB14: FALSE | BC14: FALSE | BD14: FALSE | BE14: FALSE | BF14: FALSE | BG14: FALSE | BH14: FALSE | BI14: FALSE | BJ14: FALSE | BK14: FALSE | BL14: FALSE | BM14: FALSE | BN14: FALSE | BO14: FALSE
A15: =A14&C15 -> MarchOT HOURS | C15: OT HOURS | E15: =SUM(F15:BO15) -> 0
A16: =B16&D16 -> March | B16: March | D16: =IFERROR(VLOOKUP(C16,'Employees List'!$B$2:$C$28,2,0),"") | E16: =(F16+G16+H16+I16+J16+K16+L16+M16+N16+O16+P16+Q16+R16+S16+T16+U16+V16+W16+X16+Y16+Z16+AA16+AB16+AC16+AD16+AE16+AF16+AG16+AH16+AI16+AJ16+AK16+AL16+AM16+AN16+AO16+AP16+AQ16+AR16+AS16+AT16+AU16+AV16+AW16+AX16+AY16+AZ16+BA16+BB16+BC16+BD16+BE16+BF16+BG16+BH16+BI16+BJ16+BK16+BL16+BM16+BN16+BO16)/2 -> 0 | F16: FALSE | G16: FALSE | H16: FALSE | I16: FALSE | J16: FALSE | K16: FALSE | L16: FALSE | M16: FALSE | N16: FALSE | O16: FALSE | P16: FALSE | Q16: FALSE | R16: FALSE | S16: FALSE | T16: FALSE | U16: FALSE | V16: FALSE | W16: FALSE | X16: FALSE | Y16: FALSE | Z16: FALSE | AA16: FALSE | AB16: FALSE | AC16: FALSE | AD16: FALSE | AE16: FALSE | AF16: FALSE | AG16: FALSE | AH16: FALSE | AI16: FALSE | AJ16: FALSE | AK16: FALSE | AL16: FALSE | AM16: FALSE | AN16: FALSE | AO16: FALSE | AP16: FALSE | AQ16: FALSE | AR16: FALSE | AS16: FALSE | AT16: FALSE | AU16: FALSE | AV16: FALSE | AW16: FALSE | AX16: FALSE | AY16: FALSE | AZ16: FALSE | BA16: FALSE | BB16: FALSE | BC16: FALSE | BD16: FALSE | BE16: FALSE | BF16: FALSE | BG16: FALSE | BH16: FALSE | BI16: FALSE | BJ16: FALSE | BK16: FALSE | BL16: FALSE | BM16: FALSE | BN16: FALSE | BO16: FALSE
A17: =A16&C17 -> MarchOT HOURS | C17: OT HOURS | E17: =SUM(F17:BO17) -> 0
A18: =B18&D18 -> March | B18: March | D18: =IFERROR(VLOOKUP(C18,'Employees List'!$B$2:$C$28,2,0),"") | E18: =(F18+G18+H18+I18+J18+K18+L18+M18+N18+O18+P18+Q18+R18+S18+T18+U18+V18+W18+X18+Y18+Z18+AA18+AB18+AC18+AD18+AE18+AF18+AG18+AH18+AI18+AJ18+AK18+AL18+AM18+AN18+AO18+AP18+AQ18+AR18+AS18+AT18+AU18+AV18+AW18+AX18+AY18+AZ18+BA18+BB18+BC18+BD18+BE18+BF18+BG18+BH18+BI18+BJ18+BK18+BL18+BM18+BN18+BO18)/2 -> 0 | F18: FALSE | G18: FALSE | H18: FALSE | I18: FALSE | J18: FALSE | K18: FALSE | L18: FALSE | M18: FALSE | N18: FALSE | O18: FALSE | P18: FALSE | Q18: FALSE | R18: FALSE | S18: FALSE | T18: FALSE | U18: FALSE | V18: FALSE | W18: FALSE | X18: FALSE | Y18: FALSE | Z18: FALSE | AA18: FALSE | AB18: FALSE | AC18: FALSE | AD18: FALSE | AE18: FALSE | AF18: FALSE | AG18: FALSE | AH18: FALSE | AI18: FALSE | AJ18: FALSE | AK18: FALSE | AL18: FALSE | AM18: FALSE | AN18: FALSE | AO18: FALSE | AP18: FALSE | AQ18: FALSE | AR18: FALSE | AS18: FALSE | AT18: FALSE | AU18: FALSE | AV18: FALSE | AW18: FALSE | AX18: FALSE | AY18: FALSE | AZ18: FALSE | BA18: FALSE | BB18: FALSE | BC18: FALSE | BD18: FALSE | BE18: FALSE | BF18: FALSE | BG18: FALSE | BH18: FALSE | BI18: FALSE | BJ18: FALSE | BK18: FALSE | BL18: FALSE | BM18: FALSE | BN18: FALSE | BO18: FALSE
A19: =A18&C19 -> MarchOT HOURS | C19: OT HOURS | E19: =SUM(F19:BO19) -> 0
A20: =B20&D20 -> March | B20: March | D20: =IFERROR(VLOOKUP(C20,'Employees List'!$B$2:$C$28,2,0),"") | E20: =(F20+G20+H20+I20+J20+K20+L20+M20+N20+O20+P20+Q20+R20+S20+T20+U20+V20+W20+X20+Y20+Z20+AA20+AB20+AC20+AD20+AE20+AF20+AG20+AH20+AI20+AJ20+AK20+AL20+AM20+AN20+AO20+AP20+AQ20+AR20+AS20+AT20+AU20+AV20+AW20+AX20+AY20+AZ20+BA20+BB20+BC20+BD20+BE20+BF20+BG20+BH20+BI20+BJ20+BK20+BL20+BM20+BN20+BO20)/2 -> 0 | F20: FALSE | G20: FALSE | H20: FALSE | I20: FALSE | J20: FALSE | K20: FALSE | L20: FALSE | M20: FALSE | N20: FALSE | O20: FALSE | P20: FALSE | Q20: FALSE | R20: FALSE | S20: FALSE | T20: FALSE | U20: FALSE | V20: FALSE | W20: FALSE | X20: FALSE | Y20: FALSE | Z20: FALSE | AA20: FALSE | AB20: FALSE | AC20: FALSE | AD20: FALSE | AE20: FALSE | AF20: FALSE | AG20: FALSE | AH20: FALSE | AI20: FALSE | AJ20: FALSE | AK20: FALSE | AL20: FALSE | AM20: FALSE | AN20: FALSE | AO20: FALSE | AP20: FALSE | AQ20: FALSE | AR20: FALSE | AS20: FALSE | AT20: FALSE | AU20: FALSE | AV20: FALSE | AW20: FALSE | AX20: FALSE | AY20: FALSE | AZ20: FALSE | BA20: FALSE | BB20: FALSE | BC20: FALSE | BD20: FALSE | BE20: FALSE | BF20: FALSE | BG20: FALSE | BH20: FALSE | BI20: FALSE | BJ20: FALSE | BK20: FALSE | BL20: FALSE | BM20: FALSE | BN20: FALSE | BO20: FALSE
A21: =A20&C21 -> MarchOT HOURS | C21: OT HOURS | E21: =SUM(F21:BO21) -> 0
A22: =B22&D22 -> March | B22: March | D22: =IFERROR(VLOOKUP(C22,'Employees List'!$B$2:$C$28,2,0),"") | E22: =(F22+G22+H22+I22+J22+K22+L22+M22+N22+O22+P22+Q22+R22+S22+T22+U22+V22+W22+X22+Y22+Z22+AA22+AB22+AC22+AD22+AE22+AF22+AG22+AH22+AI22+AJ22+AK22+AL22+AM22+AN22+AO22+AP22+AQ22+AR22+AS22+AT22+AU22+AV22+AW22+AX22+AY22+AZ22+BA22+BB22+BC22+BD22+BE22+BF22+BG22+BH22+BI22+BJ22+BK22+BL22+BM22+BN22+BO22)/2 -> 0 | F22: FALSE | G22: FALSE | H22: FALSE | I22: FALSE | J22: FALSE | K22: FALSE | L22: FALSE | M22: FALSE | N22: FALSE | O22: FALSE | P22: FALSE | Q22: FALSE | R22: FALSE | S22: FALSE | T22: FALSE | U22: FALSE | V22: FALSE | W22: FALSE | X22: FALSE | Y22: FALSE | Z22: FALSE | AA22: FALSE | AB22: FALSE | AC22: FALSE | AD22: FALSE | AE22: FALSE | AF22: FALSE | AG22: FALSE | AH22: FALSE | AI22: FALSE | AJ22: FALSE | AK22: FALSE | AL22: FALSE | AM22: FALSE | AN22: FALSE | AO22: FALSE | AP22: FALSE | AQ22: FALSE | AR22: FALSE | AS22: FALSE | AT22: FALSE | AU22: FALSE | AV22: FALSE | AW22: FALSE | AX22: FALSE | AY22: FALSE | AZ22: FALSE | BA22: FALSE | BB22: FALSE | BC22: FALSE | BD22: FALSE | BE22: FALSE | BF22: FALSE | BG22: FALSE | BH22: FALSE | BI22: FALSE | BJ22: FALSE | BK22: FALSE | BL22: FALSE | BM22: FALSE | BN22: FALSE | BO22: FALSE
A23: =A22&C23 -> MarchOT HOURS | C23: OT HOURS | E23: =SUM(F23:BO23) -> 0
A24: =B24&D24 -> March | B24: March | D24: =IFERROR(VLOOKUP(C24,'Employees List'!$B$2:$C$28,2,0),"") | E24: =(F24+G24+H24+I24+J24+K24+L24+M24+N24+O24+P24+Q24+R24+S24+T24+U24+V24+W24+X24+Y24+Z24+AA24+AB24+AC24+AD24+AE24+AF24+AG24+AH24+AI24+AJ24+AK24+AL24+AM24+AN24+AO24+AP24+AQ24+AR24+AS24+AT24+AU24+AV24+AW24+AX24+AY24+AZ24+BA24+BB24+BC24+BD24+BE24+BF24+BG24+BH24+BI24+BJ24+BK24+BL24+BM24+BN24+BO24)/2 -> 0 | F24: FALSE | G24: FALSE | H24: FALSE | I24: FALSE | J24: FALSE | K24: FALSE | L24: FALSE | M24: FALSE | N24: FALSE | O24: FALSE | P24: FALSE | Q24: FALSE | R24: FALSE | S24: FALSE | T24: FALSE | U24: FALSE | V24: FALSE | W24: FALSE | X24: FALSE | Y24: FALSE | Z24: FALSE | AA24: FALSE | AB24: FALSE | AC24: FALSE | AD24: FALSE | AE24: FALSE | AF24: FALSE | AG24: FALSE | AH24: FALSE | AI24: FALSE | AJ24: FALSE | AK24: FALSE | AL24: FALSE | AM24: FALSE | AN24: FALSE | AO24: FALSE | AP24: FALSE | AQ24: FALSE | AR24: FALSE | AS24: FALSE | AT24: FALSE | AU24: FALSE | AV24: FALSE | AW24: FALSE | AX24: FALSE | AY24: FALSE | AZ24: FALSE | BA24: FALSE | BB24: FALSE | BC24: FALSE | BD24: FALSE | BE24: FALSE | BF24: FALSE | BG24: FALSE | BH24: FALSE | BI24: FALSE | BJ24: FALSE | BK24: FALSE | BL24: FALSE | BM24: FALSE | BN24: FALSE | BO24: FALSE
A25: =A24&C25 -> MarchOT HOURS | C25: OT HOURS | E25: =SUM(F25:BO25) -> 0
A26: =B26&D26 -> March | B26: March | D26: =IFERROR(VLOOKUP(C26,'Employees List'!$B$2:$C$28,2,0),"") | E26: =(F26+G26+H26+I26+J26+K26+L26+M26+N26+O26+P26+Q26+R26+S26+T26+U26+V26+W26+X26+Y26+Z26+AA26+AB26+AC26+AD26+AE26+AF26+AG26+AH26+AI26+AJ26+AK26+AL26+AM26+AN26+AO26+AP26+AQ26+AR26+AS26+AT26+AU26+AV26+AW26+AX26+AY26+AZ26+BA26+BB26+BC26+BD26+BE26+BF26+BG26+BH26+BI26+BJ26+BK26+BL26+BM26+BN26+BO26)/2 -> 0 | F26: FALSE | G26: FALSE | H26: FALSE | I26: FALSE | J26: FALSE | K26: FALSE | L26: FALSE | M26: FALSE | N26: FALSE | O26: FALSE | P26: FALSE | Q26: FALSE | R26: FALSE | S26: FALSE | T26: FALSE | U26: FALSE | V26: FALSE | W26: FALSE | X26: FALSE | Y26: FALSE | Z26: FALSE | AA26: FALSE | AB26: FALSE | AC26: FALSE | AD26: FALSE | AE26: FALSE | AF26: FALSE | AG26: FALSE | AH26: FALSE | AI26: FALSE | AJ26: FALSE | AK26: FALSE | AL26: FALSE | AM26: FALSE | AN26: FALSE | AO26: FALSE | AP26: FALSE | AQ26: FALSE | AR26: FALSE | AS26: FALSE | AT26: FALSE | AU26: FALSE | AV26: FALSE | AW26: FALSE | AX26: FALSE | AY26: FALSE | AZ26: FALSE | BA26: FALSE | BB26: FALSE | BC26: FALSE | BD26: FALSE | BE26: FALSE | BF26: FALSE | BG26: FALSE | BH26: FALSE | BI26: FALSE | BJ26: FALSE | BK26: FALSE | BL26: FALSE | BM26: FALSE | BN26: FALSE | BO26: FALSE
A27: =A26&C27 -> MarchOT HOURS | C27: OT HOURS | E27: =SUM(F27:BO27) -> 0
C28: 45383
C29: Employee Code | D29: Name | E29: Days Present / OT Hours | F29: M | G29: A | H29: M | I29: A | J29: M | K29: A | L29: M | M29: A | N29: M | O29: A | P29: M | Q29: A | R29: M | S29: A | T29: M | U29: A | V29: M | W29: A | X29: M | Y29: A | Z29: M | AA29: A | AB29: M | AC29: A | AD29: M | AE29: A | AF29: M | AG29: A | AH29: M | AI29: A | AJ29: M | AK29: A | AL29: M | AM29: A | AN29: M | AO29: A | AP29: M | AQ29: A | AR29: M | AS29: A | AT29: M | AU29: A | AV29: M | AW29: A | AX29: M | AY29: A | AZ29: M | BA29: A | BB29: M | BC29: A | BD29: M | BE29: A | BF29: M | BG29: A | BH29: M | BI29: A | BJ29: M | BK29: A | BL29: M | BM29: A | BN29: M | BO29: A
A30: =B30&D30 -> AprilBHUVANESWARAN | B30: April | C30: AC 01 | D30: =IFERROR(VLOOKUP(C30,'Employees List'!$B$2:$C$28,2,0),"") -> BHUVANESWARAN | E30: =(F30+G30+H30+I30+J30+K30+L30+M30+N30+O30+P30+Q30+R30+S30+T30+U30+V30+W30+X30+Y30+Z30+AA30+AB30+AC30+AD30+AE30+AF30+AG30+AH30+AI30+AJ30+AK30+AL30+AM30+AN30+AO30+AP30+AQ30+AR30+AS30+AT30+AU30+AV30+AW30+AX30+AY30+AZ30+BA30+BB30+BC30+BD30+BE30+BF30+BG30+BH30+BI30+BJ30+BK30+BL30+BM30+BN30+BO30)/2 -> 30 | F30: TRUE | G30: TRUE | H30: TRUE | I30: TRUE | J30: TRUE | K30: TRUE | L30: TRUE | M30: TRUE | N30: TRUE | O30: TRUE | P30: TRUE | Q30: TRUE | R30: TRUE | S30: TRUE | T30: TRUE | U30: TRUE | V30: TRUE | W30: TRUE | X30: TRUE | Y30: TRUE | Z30: TRUE | AA30: TRUE | AB30: TRUE | AC30: TRUE | AD30: TRUE | AE30: TRUE | AF30: TRUE | AG30: TRUE | AH30: TRUE | AI30: TRUE | AJ30: TRUE | AK30: TRUE | AL30: TRUE | AM30: TRUE | AN30: TRUE | AO30: TRUE | AP30: TRUE | AQ30: TRUE | AR30: TRUE | AS30: TRUE | AT30: TRUE | AU30: TRUE | AV30: TRUE | AW30: TRUE | AX30: TRUE | AY30: TRUE | AZ30: TRUE | BA30: TRUE | BB30: TRUE | BC30: TRUE | BD30: TRUE | BE30: TRUE | BF30: TRUE | BG30: TRUE | BH30: TRUE | BI30: TRUE | BJ30: TRUE | BK30: TRUE | BL30: TRUE | BM30: TRUE | BN30: FALSE | BO30: FALSE
A31: =A30&C31 -> AprilBHUVANESWARANOT HOURS | C31: OT HOURS | E31: =SUM(F31:BO31) -> 0
A32: =B32&D32 -> AprilSAGAR | B32: April | C32: PR 25 | D32: SAGAR | E32: =(F32+G32+H32+I32+J32+K32+L32+M32+N32+O32+P32+Q32+R32+S32+T32+U32+V32+W32+X32+Y32+Z32+AA32+AB32+AC32+AD32+AE32+AF32+AG32+AH32+AI32+AJ32+AK32+AL32+AM32+AN32+AO32+AP32+AQ32+AR32+AS32+AT32+AU32+AV32+AW32+AX32+AY32+AZ32+BA32+BB32+BC32+BD32+BE32+BF32+BG32+BH32+BI32+BJ32+BK32+BL32+BM32+BN32+BO32)/2 -> 11 | F32: TRUE | G32: TRUE | H32: TRUE | I32: TRUE | J32: TRUE | K32: TRUE | L32: TRUE | M32: FALSE | N32: TRUE | O32: TRUE | P32: TRUE | Q32: TRUE | R32: TRUE | S32: TRUE | T32: FALSE | U32: FALSE | V32: TRUE | W32: TRUE | X32: TRUE | Y32: TRUE | Z32: TRUE | AA32: TRUE | AB32: TRUE | AC32: TRUE | AD32: TRUE | AE32: FALSE | AF32: FALSE | AG32: FALSE | AH32: FALSE | AI32: FALSE | AJ32: FALSE | AK32: FALSE | AL32: FALSE | AM32: FALSE | AN32: FALSE | AO32: FALSE | AP32: FALSE | AQ32: FALSE | AR32: FALSE | AS32: FALSE | AT32: FALSE | AU32: FALSE | AV32: FALSE | AW32: FALSE | AX32: FALSE | AY32: FALSE | AZ32: FALSE | BA32: FALSE | BB32: FALSE | BC32: FALSE | BD32: FALSE | BE32: FALSE | BF32: FALSE | BG32: FALSE | BH32: FALSE | BI32: FALSE | BJ32: FALSE | BK32: FALSE | BL32: FALSE | BM32: FALSE | BN32: FALSE | BO32: FALSE
A33: =A32&C33 -> AprilSAGAROT HOURS | C33: OT HOURS | E33: =SUM(F33:BO33) -> 23 | F33: 2 | H33: 2 | J33: 3 | L33: 2 | N33: 1 | R33: 6 | V33: 2 | X33: 3 | Z33: 2
A34: =B34&D34 -> AprilGANESH | B34: April | C34: PR 02 | D34: =IFERROR(VLOOKUP(C34,'Employees List'!$B$2:$C$28,2,0),"") -> GANESH | E34: =(F34+G34+H34+I34+J34+K34+L34+M34+N34+O34+P34+Q34+R34+S34+T34+U34+V34+W34+X34+Y34+Z34+AA34+AB34+AC34+AD34+AE34+AF34+AG34+AH34+AI34+AJ34+AK34+AL34+AM34+AN34+AO34+AP34+AQ34+AR34+AS34+AT34+AU34+AV34+AW34+AX34+AY34+AZ34+BA34+BB34+BC34+BD34+BE34+BF34+BG34+BH34+BI34+BJ34+BK34+BL34+BM34+BN34+BO34)/2 -> 24 | F34: TRUE | G34: TRUE | H34: TRUE | I34: TRUE | J34: TRUE | K34: TRUE | L34: TRUE | M34: FALSE | N34: TRUE | O34: TRUE | P34: TRUE | Q34: TRUE | R34: TRUE | S34: TRUE | T34: TRUE | U34: TRUE | V34: TRUE | W34: FALSE | X34: FALSE | Y34: FALSE | Z34: FALSE | AA34: FALSE | AB34: TRUE | AC34: TRUE | AD34: TRUE | AE34: TRUE | AF34: TRUE | AG34: TRUE | AH34: TRUE | AI34: TRUE | AJ34: TRUE | AK34: TRUE | AL34: TRUE | AM34: TRUE | AN34: FALSE | AO34: FALSE | AP34: TRUE | AQ34: TRUE | AR34: TRUE | AS34: TRUE | AT34: TRUE | AU34: TRUE | AV34: TRUE | AW34: TRUE | AX34: FALSE | AY34: FALSE | AZ34: FALSE | BA34: FALSE | BB34: TRUE | BC34: TRUE | BD34: TRUE | BE34: TRUE | BF34: TRUE | BG34: TRUE | BH34: TRUE | BI34: TRUE | BJ34: TRUE | BK34: TRUE | BL34: TRUE | BM34: TRUE | BN34: FALSE | BO34: FALSE
A35: =A34&C35 -> AprilGANESHOT HOURS | C35: OT HOURS | E35: =SUM(F35:BO35) -> 55 | F35: 2 | H35: 2 | J35: 3 | L35: 2 | P35: 3 | R35: 8 | AB35: 2 | AD35: 2 | AF35: 1 | AH35: 2 | AR35: 3 | AV35: 4 | BB35: 3 | BD35: 4 | BF35: 2 | BH35: 8 | BJ35: 2 | BL35: 2
A36: =B36&D36 -> AprilVASANTHA | B36: April | C36: PR 01 | D36: =IFERROR(VLOOKUP(C36,'Employees List'!$B$2:$C$28,2,0),"") -> VASANTHA | E36: =(F36+G36+H36+I36+J36+K36+L36+M36+N36+O36+P36+Q36+R36+S36+T36+U36+V36+W36+X36+Y36+Z36+AA36+AB36+AC36+AD36+AE36+AF36+AG36+AH36+AI36+AJ36+AK36+AL36+AM36+AN36+AO36+AP36+AQ36+AR36+AS36+AT36+AU36+AV36+AW36+AX36+AY36+AZ36+BA36+BB36+BC36+BD36+BE36+BF36+BG36+BH36+BI36+BJ36+BK36+BL36+BM36+BN36+BO36)/2 -> 21 | F36: TRUE | G36: TRUE | H36: TRUE | I36: TRUE | J36: TRUE | K36: TRUE | L36: TRUE | M36: TRUE | N36: TRUE | O36: TRUE | P36: TRUE | Q36: TRUE | R36: TRUE | S36: TRUE | T36: TRUE | U36: TRUE | V36: TRUE | W36: TRUE | X36: TRUE | Y36: TRUE | Z36: TRUE | AA36: TRUE | AB36: TRUE | AC36: TRUE | AD36: TRUE | AE36: TRUE | AF36: FALSE | AG36: FALSE | AH36: TRUE | AI36: TRUE | AJ36: TRUE | AK36: TRUE | AL36: TRUE | AM36: TRUE | AN36: TRUE | AO36: TRUE | AP36: TRUE | AQ36: TRUE | AR36: FALSE | AS36: FALSE | AT36: FALSE | AU36: FALSE | AV36: FALSE | AW36: FALSE | AX36: FALSE | AY36: FALSE | AZ36: FALSE | BA36: FALSE | BB36: FALSE | BC36: FALSE | BD36: FALSE | BE36: FALSE | BF36: FALSE | BG36: FALSE | BH36: TRUE | BI36: TRUE | BJ36: TRUE | BK36: TRUE | BL36: TRUE | BM36: TRUE | BN36: FALSE | BO36: FALSE
C37: OT HOURS | E37: =SUM(F37:BO37) -> 33 | F37: 2 | L37: 2 | P37: 2 | R37: 5 | V37: 2 | X37: 2 | Z37: 2 | AD37: 2 | AL37: 2 | BH37: 8 | BJ37: 2 | BL37: 2
A38: =B38&D38 -> AprilSUNDARI | B38: April | C38: AC 02 | D38: =IFERROR(VLOOKUP(C38,'Employees List'!$B$2:$C$28,2,0),"") -> SUNDARI | E38: =(F38+G38+H38+I38+J38+K38+L38+M38+N38+O38+P38+Q38+R38+S38+T38+U38+V38+W38+X38+Y38+Z38+AA38+AB38+AC38+AD38+AE38+AF38+AG38+AH38+AI38+AJ38+AK38+AL38+AM38+AN38+AO38+AP38+AQ38+AR38+AS38+AT38+AU38+AV38+AW38+AX38+AY38+AZ38+BA38+BB38+BC38+BD38+BE38+BF38+BG38+BH38+BI38+BJ38+BK38+BL38+BM38+BN38+BO38)/2 -> 30 | F38: TRUE | G38: TRUE | H38: TRUE | I38: TRUE | J38: TRUE | K38: TRUE | L38: TRUE | M38: TRUE | N38: TRUE | O38: TRUE | P38: TRUE | Q38: TRUE | R38: TRUE | S38: TRUE | T38: TRUE | U38: TRUE | V38: TRUE | W38: TRUE | X38: TRUE | Y38: TRUE | Z38: TRUE | AA38: TRUE | AB38: TRUE | AC38: TRUE | AD38: TRUE | AE38: TRUE | AF38: TRUE | AG38: TRUE | AH38: TRUE | AI38: TRUE | AJ38: TRUE | AK38: TRUE | AL38: TRUE | AM38: TRUE | AN38: TRUE | AO38: TRUE | AP38: TRUE | AQ38: TRUE | AR38: TRUE | AS38: TRUE | AT38: TRUE | AU38: TRUE | AV38: TRUE | AW38: TRUE | AX38: TRUE | AY38: TRUE | AZ38: TRUE | BA38: TRUE | BB38: TRUE | BC38: TRUE | BD38: TRUE | BE38: TRUE | BF38: TRUE | BG38: TRUE | BH38: TRUE | BI38: TRUE | BJ38: TRUE | BK38: TRUE | BL38: TRUE | BM38: TRUE | BN38: FALSE | BO38: FALSE
A39: =A38&C39 -> AprilSUNDARIOT HOURS | C39: OT HOURS | E39: =SUM(F39:BO39) -> 10 | AJ39: 1 | AN39: 1 | AV39: 1 | AX39: 1 | AZ39: 1 | BB39: 1 | BD39: 1 | BF39: 1 | BL39: 2
A40: =B40&D40 -> AprilADHIKARI BALIA | B40: April | C40: PR 03 | D40: =IFERROR(VLOOKUP(C40,'Employees List'!$B$2:$C$28,2,0),"") -> ADHIKARI BALIA | E40: =(F40+G40+H40+I40+J40+K40+L40+M40+N40+O40+P40+Q40+R40+S40+T40+U40+V40+W40+X40+Y40+Z40+AA40+AB40+AC40+AD40+AE40+AF40+AG40+AH40+AI40+AJ40+AK40+AL40+AM40+AN40+AO40+AP40+AQ40+AR40+AS40+AT40+AU40+AV40+AW40+AX40+AY40+AZ40+BA40+BB40+BC40+BD40+BE40+BF40+BG40+BH40+BI40+BJ40+BK40+BL40+BM40+BN40+BO40)/2 -> 11.5 | F40: TRUE | G40: TRUE | H40: TRUE | I40: TRUE | J40: TRUE | K40: TRUE | L40: TRUE | M40: TRUE | N40: TRUE | O40: TRUE | P40: TRUE | Q40: TRUE | R40: TRUE | S40: TRUE | T40: FALSE | U40: FALSE | V40: TRUE | W40: TRUE | X40: TRUE | Y40: TRUE | Z40: TRUE | AA40: TRUE | AB40: TRUE | AC40: TRUE | AD40: TRUE | AE40: FALSE | AF40: FALSE | AG40: FALSE | AH40: FALSE | AI40: FALSE | AJ40: FALSE | AK40: FALSE | AL40: FALSE | AM40: FALSE | AN40: FALSE | AO40: FALSE | AP40: FALSE | AQ40: FALSE | AR40: FALSE | AS40: FALSE | AT40: FALSE | AU40: FALSE | AV40: FALSE | AW40: FALSE | AX40: FALSE | AY40: FALSE | AZ40: FALSE | BA40: FALSE | BB40: FALSE | BC40: FALSE | BD40: FALSE | BE40: FALSE | BF40: FALSE | BG40: FALSE | BH40: FALSE | BI40: FALSE | BJ40: FALSE | BK40: FALSE | BL40: FALSE | BM40: FALSE | BN40: FALSE | BO40: FALSE
A41: =A40&C41 -> AprilADHIKARI BALIAOT HOURS | C41: OT HOURS | E41: =SUM(F41:BO41) -> 29 | F41: 2 | H41: 4 | J41: 3 | L41: 4 | N41: 1 | R41: 6 | V41: 2 | X41: 3 | Z41: 2 | AB41: 2
A42: =B42&D42 -> AprilMathi | B42: April | C42: DR 01 | D42: =IFERROR(VLOOKUP(C42,'Employees List'!$B$2:$C$28,2,0),"") -> Mathi | E42: =(F42+G42+H42+I42+J42+K42+L42+M42+N42+O42+P42+Q42+R42+S42+T42+U42+V42+W42+X42+Y42+Z42+AA42+AB42+AC42+AD42+AE42+AF42+AG42+AH42+AI42+AJ42+AK42+AL42+AM42+AN42+AO42+AP42+AQ42+AR42+AS42+AT42+AU42+AV42+AW42+AX42+AY42+AZ42+BA42+BB42+BC42+BD42+BE42+BF42+BG42+BH42+BI42+BJ42+BK42+BL42+BM42+BN42+BO42)/2 -> 28 | F42: TRUE | G42: TRUE | H42: TRUE | I42: TRUE | J42: TRUE | K42: TRUE | L42: TRUE | M42: TRUE | N42: TRUE | O42: TRUE | P42: TRUE | Q42: TRUE | R42: TRUE | S42: TRUE | T42: TRUE | U42: TRUE | V42: TRUE | W42: TRUE | X42: TRUE | Y42: TRUE | Z42: TRUE | AA42: TRUE | AB42: FALSE | AC42: FALSE | AD42: FALSE | AE42: FALSE | AF42: TRUE | AG42: TRUE | AH42: TRUE | AI42: TRUE | AJ42: TRUE | AK42: TRUE | AL42: TRUE | AM42: TRUE | AN42: TRUE | AO42: TRUE | AP42: TRUE | AQ42: TRUE | AR42: TRUE | AS42: TRUE | AT42: TRUE | AU42: TRUE | AV42: TRUE | AW42: TRUE | AX42: TRUE | AY42: TRUE | AZ42: TRUE | BA42: TRUE | BB42: TRUE | BC42: TRUE | BD42: TRUE | BE42: TRUE | BF42: TRUE | BG42: TRUE | BH42: TRUE | BI42: TRUE | BJ42: TRUE | BK42: TRUE | BL42: TRUE | BM42: TRUE | BN42: FALSE | BO42: FALSE
A43: =A42&C43 -> AprilMathiOT HOURS | C43: OT HOURS | E43: =SUM(F43:BO43) -> 70 | F43: 1 | H43: 1 | L43: 3 | N43: 2 | P43: 4 | V43: 2 | X43: 4 | Z43: 4 | AH43: 1 | AL43: 4 | AN43: 3 | AR43: 5 | AV43: 5 | AX43: 4 | AZ43: 7 | BB43: 3 | BD43: 5 | BF43: 5 | BJ43: 4 | BL43: 3
A44: =B44&D44 -> AprilLIPAN | B44: April | C44: PR 21 | D44: =IFERROR(VLOOKUP(C44,'Employees List'!$B$2:$C$28,2,0),"") -> LIPAN | E44: =(F44+G44+H44+I44+J44+K44+L44+M44+N44+O44+P44+Q44+R44+S44+T44+U44+V44+W44+X44+Y44+Z44+AA44+AB44+AC44+AD44+AE44+AF44+AG44+AH44+AI44+AJ44+AK44+AL44+AM44+AN44+AO44+AP44+AQ44+AR44+AS44+AT44+AU44+AV44+AW44+AX44+AY44+AZ44+BA44+BB44+BC44+BD44+BE44+BF44+BG44+BH44+BI44+BJ44+BK44+BL44+BM44+BN44+BO44)/2 -> 11.5 | F44: TRUE | G44: TRUE | H44: TRUE | I44: TRUE | J44: TRUE | K44: TRUE | L44: TRUE | M44: TRUE | N44: FALSE | O44: FALSE | P44: TRUE | Q44: TRUE | R44: TRUE | S44: TRUE | T44: TRUE | U44: TRUE | V44: TRUE | W44: TRUE | X44: TRUE | Y44: TRUE | Z44: TRUE | AA44: TRUE | AB44: TRUE | AC44: TRUE | AD44: TRUE | AE44: FALSE | AF44: FALSE | AG44: FALSE | AH44: FALSE | AI44: FALSE | AJ44: FALSE | AK44: FALSE | AL44: FALSE | AM44: FALSE | AN44: FALSE | AO44: FALSE | AP44: FALSE | AQ44: FALSE | AR44: FALSE | AS44: FALSE | AT44: FALSE | AU44: FALSE | AV44: FALSE | AW44: FALSE | AX44: FALSE | AY44: FALSE | AZ44: FALSE | BA44: FALSE | BB44: FALSE | BC44: FALSE | BD44: FALSE | BE44: FALSE | BF44: FALSE | BG44: FALSE | BH44: FALSE | BI44: FALSE | BJ44: FALSE | BK44: FALSE | BL44: FALSE | BM44: FALSE | BN44: FALSE | BO44: FALSE
A45: =A44&C45 -> AprilLIPANOT HOURS | C45: OT HOURS | E45: =(F45+G45+H45+I45+J45+K45+L45+M45+N45+O45+P45+Q45+R45+S45+T45+U45+V45+W45+X45+Y45+Z45+AA45+AB45+AC45+AD45+AE45+AF45+AG45+AH45+AI45+AJ45+AK45+AL45+AM45+AN45+AO45+AP45+AQ45+AR45+AS45+AT45+AU45+AV45+AW45+AX45+AY45+AZ45+BA45+BB45+BC45+BD45+BE45+BF45+BG45+BH45+BI45+BJ45+BK45+BL45+BM45+BN45+BO45)/2 -> 21 | F45: 2 | H45: 2 | J45: 3 | L45: 6 | P45: 6 | R45: 8 | T45: 1 | V45: 2 | X45: 5 | Z45: 5 | AB45: 2
A46: =B46&D46 -> AprilSANJAI BHAGAT | B46: April | C46: PR 05 | D46: =IFERROR(VLOOKUP(C46,'Employees List'!$B$2:$C$28,2,0),"") -> SANJAI BHAGAT | E46: =(F46+G46+H46+I46+J46+K46+L46+M46+N46+O46+P46+Q46+R46+S46+T46+U46+V46+W46+X46+Y46+Z46+AA46+AB46+AC46+AD46+AE46+AF46+AG46+AH46+AI46+AJ46+AK46+AL46+AM46+AN46+AO46+AP46+AQ46+AR46+AS46+AT46+AU46+AV46+AW46+AX46+AY46+AZ46+BA46+BB46+BC46+BD46+BE46+BF46+BG46+BH46+BI46+BJ46+BK46+BL46+BM46+BN46+BO46)/2 -> 12.5 | F46: TRUE | G46: TRUE | H46: TRUE | I46: TRUE | J46: TRUE | K46: TRUE | L46: TRUE | M46: TRUE | N46: TRUE | O46: TRUE | P46: TRUE | Q46: TRUE | R46: TRUE | S46: TRUE | T46: TRUE | U46: TRUE | V46: TRUE | W46: TRUE | X46: TRUE | Y46: TRUE | Z46: TRUE | AA46: TRUE | AB46: TRUE | AC46: TRUE | AD46: TRUE | AE46: FALSE | AF46: FALSE | AG46: FALSE | AH46: FALSE | AI46: FALSE | AJ46: FALSE | AK46: FALSE | AL46: FALSE | AM46: FALSE | AN46: FALSE | AO46: FALSE | AP46: FALSE | AQ46: FALSE | AR46: FALSE | AS46: FALSE | AT46: FALSE | AU46: FALSE | AV46: FALSE | AW46: FALSE | AX46: FALSE | AY46: FALSE | AZ46: FALSE | BA46: FALSE | BB46: FALSE | BC46: FALSE | BD46: FALSE | BE46: FALSE | BF46: FALSE | BG46: FALSE | BH46: FALSE | BI46: FALSE | BJ46: FALSE | BK46: FALSE | BL46: FALSE | BM46: FALSE | BN46: FALSE | BO46: FALSE
A47: =A46&C47 -> AprilSANJAI BHAGATOT HOURS | C47: OT HOURS | E47: =SUM(F47:BO47) -> 51 | F47: 2 | H47: 4 | J47: 3 | L47: 6 | N47: 3 | P47: 6 | R47: 8 | T47: 1 | V47: 3 | X47: 5 | Z47: 5 | AB47: 5
A48: =B48&D48 -> AprilCHINMAY PRADHAN | B48: April | C48: PR 26 | D48: =IFERROR(VLOOKUP(C48,'Employees List'!$B$2:$C$999,2,0),"") -> CHINMAY PRADHAN | E48: =(F48+G48+H48+I48+J48+K48+L48+M48+N48+O48+P48+Q48+R48+S48+T48+U48+V48+W48+X48+Y48+Z48+AA48+AB48+AC48+AD48+AE48+AF48+AG48+AH48+AI48+AJ48+AK48+AL48+AM48+AN48+AO48+AP48+AQ48+AR48+AS48+AT48+AU48+AV48+AW48+AX48+AY48+AZ48+BA48+BB48+BC48+BD48+BE48+BF48+BG48+BH48+BI48+BJ48+BK48+BL48+BM48+BN48+BO48)/2 -> 10 | F48: TRUE | G48: TRUE | H48: TRUE | I48: TRUE | J48: TRUE | K48: TRUE | L48: TRUE | M48: FALSE | N48: TRUE | O48: TRUE | P48: TRUE | Q48: TRUE | R48: TRUE | S48: TRUE | T48: TRUE | U48: TRUE | V48: FALSE | W48: FALSE | X48: FALSE | Y48: FALSE | Z48: TRUE | AA48: TRUE | AB48: TRUE | AC48: TRUE | AD48: TRUE | AE48: FALSE | AF48: FALSE | AG48: FALSE | AH48: FALSE | AI48: FALSE | AJ48: FALSE | AK48: FALSE | AL48: FALSE | AM48: FALSE | AN48: FALSE | AO48: FALSE | AP48: FALSE | AQ48: FALSE | AR48: FALSE | AS48: FALSE | AT48: FALSE | AU48: FALSE | AV48: FALSE | AW48: FALSE | AX48: FALSE | AY48: FALSE | AZ48: FALSE | BA48: FALSE | BB48: FALSE | BC48: FALSE | BD48: FALSE | BE48: FALSE | BF48: FALSE | BG48: FALSE | BH48: FALSE | BI48: FALSE | BJ48: FALSE | BK48: FALSE | BL48: FALSE | BM48: FALSE | BN48: FALSE | BO48: FALSE
A49: =A48&C49 -> AprilCHINMAY PRADHANOT HOURS | C49: OT HOURS | E49: =SUM(F49:BO49) -> 10 | H49: 2 | L49: 2 | P49: 1 | R49: 5
A50: =B50&D50 -> April | B50: April | D50: =IFERROR(VLOOKUP(C50,'Employees List'!$B$2:$C$28,2,0),"") | E50: =(F50+G50+H50+I50+J50+K50+L50+M50+N50+O50+P50+Q50+R50+S50+T50+U50+V50+W50+X50+Y50+Z50+AA50+AB50+AC50+AD50+AE50+AF50+AG50+AH50+AI50+AJ50+AK50+AL50+AM50+AN50+AO50+AP50+AQ50+AR50+AS50+AT50+AU50+AV50+AW50+AX50+AY50+AZ50+BA50+BB50+BC50+BD50+BE50+BF50+BG50+BH50+BI50+BJ50+BK50+BL50+BM50+BN50+BO50)/2 -> 0 | F50: FALSE | G50: FALSE | H50: FALSE | I50: FALSE | J50: FALSE | K50: FALSE | L50: FALSE | M50: FALSE | N50: FALSE | O50: FALSE | P50: FALSE | Q50: FALSE | R50: FALSE | S50: FALSE | T50: FALSE | U50: FALSE | V50: FALSE | W50: FALSE | X50: FALSE | Y50: FALSE | Z50: FALSE | AA50: FALSE | AB50: FALSE | AC50: FALSE | AD50: FALSE | AE50: FALSE | AF50: FALSE | AG50: FALSE | AH50: FALSE | AI50: FALSE | AJ50: FALSE | AK50: FALSE | AL50: FALSE | AM50: FALSE | AN50: FALSE | AO50: FALSE | AP50: FALSE | AQ50: FALSE | AR50: FALSE | AS50: FALSE | AT50: FALSE | AU50: FALSE | AV50: FALSE | AW50: FALSE | AX50: FALSE | AY50: FALSE | AZ50: FALSE | BA50: FALSE | BB50: FALSE | BC50: FALSE | BD50: FALSE | BE50: FALSE | BF50: FALSE | BG50: FALSE | BH50: FALSE | BI50: FALSE | BJ50: FALSE | BK50: FALSE | BL50: FALSE | BM50: FALSE | BN50: FALSE | BO50: FALSE
A51: =A50&C51 -> AprilOT HOURS | C51: OT HOURS | E51: =SUM(F51:BO51) -> 0
C52: 45413
A53: =B53&D53 -> MayBHUVANESWARAN | B53: May | C53: AC 01 | D53: =IFERROR(VLOOKUP(C53,'Employees List'!$B$2:$C$28,2,0),"") -> BHUVANESWARAN | E53: =(F53+G53+H53+I53+J53+K53+L53+M53+N53+O53+P53+Q53+R53+S53+T53+U53+V53+W53+X53+Y53+Z53+AA53+AB53+AC53+AD53+AE53+AF53+AG53+AH53+AI53+AJ53+AK53+AL53+AM53+AN53+AO53+AP53+AQ53+AR53+AS53+AT53+AU53+AV53+AW53+AX53+AY53+AZ53+BA53+BB53+BC53+BD53+BE53+BF53+BG53+BH53+BI53+BJ53+BK53+BL53+BM53+BN53+BO53)/2 -> 31 | F53: TRUE | G53: TRUE | H53: TRUE | I53: TRUE | J53: TRUE | K53: TRUE | L53: TRUE | M53: TRUE | N53: TRUE | O53: TRUE | P53: TRUE | Q53: TRUE | R53: TRUE | S53: TRUE | T53: TRUE | U53: TRUE | V53: TRUE | W53: TRUE | X53: TRUE | Y53: TRUE | Z53: TRUE | AA53: TRUE | AB53: TRUE | AC53: TRUE | AD53: TRUE | AE53: TRUE | AF53: TRUE | AG53: TRUE | AH53: TRUE | AI53: TRUE | AJ53: TRUE | AK53: TRUE | AL53: TRUE | AM53: TRUE | AN53: TRUE | AO53: TRUE | AP53: TRUE | AQ53: TRUE | AR53: TRUE | AS53: TRUE | AT53: TRUE | AU53: TRUE | AV53: TRUE | AW53: TRUE | AX53: TRUE | AY53: TRUE | AZ53: TRUE | BA53: TRUE | BB53: TRUE | BC53: TRUE | BD53: TRUE | BE53: TRUE | BF53: TRUE | BG53: TRUE | BH53: TRUE | BI53: TRUE | BJ53: TRUE | BK53: TRUE | BL53: TRUE | BM53: TRUE | BN53: TRUE | BO53: TRUE
A54: =A53&C54 -> MayBHUVANESWARANOT HOURS | C54: OT HOURS | E54: =SUM(F54:BO54) -> 0
A55: =B55&D55 -> MayGANESH | B55: May | C55: PR 02 | D55: =IFERROR(VLOOKUP(C55,'Employees List'!$B$2:$C$28,2,0),"") -> GANESH | E55: =(F55+G55+H55+I55+J55+K55+L55+M55+N55+O55+P55+Q55+R55+S55+T55+U55+V55+W55+X55+Y55+Z55+AA55+AB55+AC55+AD55+AE55+AF55+AG55+AH55+AI55+AJ55+AK55+AL55+AM55+AN55+AO55+AP55+AQ55+AR55+AS55+AT55+AU55+AV55+AW55+AX55+AY55+AZ55+BA55+BB55+BC55+BD55+BE55+BF55+BG55+BH55+BI55+BJ55+BK55+BL55+BM55+BN55+BO55)/2 -> 21 | F55: TRUE | G55: TRUE | H55: FALSE | I55: FALSE | J55: TRUE | K55: TRUE | L55: TRUE | M55: TRUE | N55: TRUE | O55: TRUE | P55: TRUE | Q55: TRUE | R55: FALSE | S55: FALSE | T55: FALSE | U55: FALSE | V55: FALSE | W55: FALSE | X55: FALSE | Y55: FALSE | Z55: FALSE | AA55: FALSE | AB55: FALSE | AC55: FALSE | AD55: FALSE | AE55: FALSE | AF55: FALSE | AG55: FALSE | AH55: TRUE | AI55: TRUE | AJ55: TRUE | AK55: TRUE | AL55: TRUE | AM55: TRUE | AN55: TRUE | AO55: TRUE | AP55: TRUE | AQ55: TRUE | AR55: TRUE | AS55: TRUE | AT55: TRUE | AU55: TRUE | AV55: TRUE | AW55: TRUE | AX55: TRUE | AY55: TRUE | AZ55: FALSE | BA55: FALSE | BB55: TRUE | BC55: TRUE | BD55: TRUE | BE55: TRUE | BF55: TRUE | BG55: TRUE | BH55: TRUE | BI55: TRUE | BJ55: TRUE | BK55: TRUE | BL55: TRUE | BM55: TRUE | BN55: TRUE | BO55: TRUE
A56: =A55&C56 -> MayGANESHOT HOURS | C56: OT HOURS | E56: =SUM(F56:BO56) -> 30 | L56: 2 | AH56: 2 | AJ56: 2 | AL56: 2 | AN56: 2 | AR56: 2 | AV56: 2 | AX56: 1 | BF56: 7 | BH56: 4 | BJ56: 4
A57: =B57&D57 -> MayVASANTHA | B57: May | C57: PR 01 | D57: =IFERROR(VLOOKUP(C57,'Employees List'!$B$2:$C$28,2,0),"") -> VASANTHA | E57: =(F57+G57+H57+I57+J57+K57+L57+M57+N57+O57+P57+Q57+R57+S57+T57+U57+V57+W57+X57+Y57+Z57+AA57+AB57+AC57+AD57+AE57+AF57+AG57+AH57+AI57+AJ57+AK57+AL57+AM57+AN57+AO57+AP57+AQ57+AR57+AS57+AT57+AU57+AV57+AW57+AX57+AY57+AZ57+BA57+BB57+BC57+BD57+BE57+BF57+BG57+BH57+BI57+BJ57+BK57+BL57+BM57+BN57+BO57)/2 -> 28.5 | F57: TRUE | G57: TRUE | H57: TRUE | I57: TRUE | J57: TRUE | K57: TRUE | L57: TRUE | M57: TRUE | N57: TRUE | O57: TRUE | P57: TRUE | Q57: TRUE | R57: TRUE | S57: TRUE | T57: TRUE | U57: TRUE | V57: FALSE | W57: TRUE | X57: TRUE | Y57: TRUE | Z57: TRUE | AA57: TRUE | AB57: TRUE | AC57: TRUE | AD57: TRUE | AE57: TRUE | AF57: FALSE | AG57: FALSE | AH57: FALSE | AI57: FALSE | AJ57: TRUE | AK57: TRUE | AL57: TRUE | AM57: TRUE | AN57: TRUE | AO57: TRUE | AP57: TRUE | AQ57: TRUE | AR57: TRUE | AS57: TRUE | AT57: TRUE | AU57: TRUE | AV57: TRUE | AW57: TRUE | AX57: TRUE | AY57: TRUE | AZ57: TRUE | BA57: TRUE | BB57: TRUE | BC57: TRUE | BD57: TRUE | BE57: TRUE | BF57: TRUE | BG57: TRUE | BH57: TRUE | BI57: TRUE | BJ57: TRUE | BK57: TRUE | BL57: TRUE | BM57: TRUE | BN57: TRUE | BO57: TRUE
A58: =A57&C58 -> MayVASANTHAOT HOURS | C58: OT HOURS | E58: =SUM(F58:BO58) -> 18 | H58: 2 | L58: 2 | P58: 2 | X58: 2 | Z58: 2 | AD58: 2 | AJ58: 2 | AL58: 2 | BF58: 2
A59: =B59&D59 -> MaySUNDARI | B59: May | C59: AC 02 | D59: =IFERROR(VLOOKUP(C59,'Employees List'!$B$2:$C$28,2,0),"") -> SUNDARI | E59: =(F59+G59+H59+I59+J59+K59+L59+M59+N59+O59+P59+Q59+R59+S59+T59+U59+V59+W59+X59+Y59+Z59+AA59+AB59+AC59+AD59+AE59+AF59+AG59+AH59+AI59+AJ59+AK59+AL59+AM59+AN59+AO59+AP59+AQ59+AR59+AS59+AT59+AU59+AV59+AW59+AX59+AY59+AZ59+BA59+BB59+BC59+BD59+BE59+BF59+BG59+BH59+BI59+BJ59+BK59+BL59+BM59+BN59+BO59)/2 -> 31 | F59: TRUE | G59: TRUE | H59: TRUE | I59: TRUE | J59: TRUE | K59: TRUE | L59: TRUE | M59: TRUE | N59: TRUE | O59: TRUE | P59: TRUE | Q59: TRUE | R59: TRUE | S59: TRUE | T59: TRUE | U59: TRUE | V59: TRUE | W59: TRUE | X59: TRUE | Y59: TRUE | Z59: TRUE | AA59: TRUE | AB59: TRUE | AC59: TRUE | AD59: TRUE | AE59: TRUE | AF59: TRUE | AG59: TRUE | AH59: TRUE | AI59: TRUE | AJ59: TRUE | AK59: TRUE | AL59: TRUE | AM59: TRUE | AN59: TRUE | AO59: TRUE | AP59: TRUE | AQ59: TRUE | AR59: TRUE | AS59: TRUE | AT59: TRUE | AU59: TRUE | AV59: TRUE | AW59: TRUE | AX59: TRUE | AY59: TRUE | AZ59: TRUE | BA59: TRUE | BB59: TRUE | BC59: TRUE | BD59: TRUE | BE59: TRUE | BF59: TRUE | BG59: TRUE | BH59: TRUE | BI59: TRUE | BJ59: TRUE | BK59: TRUE | BL59: TRUE | BM59: TRUE | BN59: TRUE | BO59: TRUE
A60: =A59&C60 -> MaySUNDARIOT HOURS | C60: OT HOURS | E60: =SUM(F60:BO60) -> 8 | X60: 2 | Z60: 1 | AR60: 1 | AZ60: 1 | BB60: 1 | BH60: 1 | BJ60: 1
A61: =B61&D61 -> MayADHIKARI BALIA | B61: May | C61: PR 03 | D61: =IFERROR(VLOOKUP(C61,'Employees List'!$B$2:$C$28,2,0),"") -> ADHIKARI BALIA | E61: =(F61+G61+H61+I61+J61+K61+L61+M61+N61+O61+P61+Q61+R61+S61+T61+U61+V61+W61+X61+Y61+Z61+AA61+AB61+AC61+AD61+AE61+AF61+AG61+AH61+AI61+AJ61+AK61+AL61+AM61+AN61+AO61+AP61+AQ61+AR61+AS61+AT61+AU61+AV61+AW61+AX61+AY61+AZ61+BA61+BB61+BC61+BD61+BE61+BF61+BG61+BH61+BI61+BJ61+BK61+BL61+BM61+BN61+BO61)/2 -> 18.5 | F61: FALSE | G61: FALSE | H61: FALSE | I61: FALSE | J61: FALSE | K61: FALSE | L61: FALSE | M61: FALSE | N61: FALSE | O61: FALSE | P61: FALSE | Q61: FALSE | R61: FALSE | S61: FALSE | T61: FALSE | U61: FALSE | V61: FALSE | W61: FALSE | X61: FALSE | Y61: FALSE | Z61: FALSE | AA61: FALSE | AB61: FALSE | AC61: FALSE | AD61: TRUE | AE61: TRUE | AF61: TRUE | AG61: TRUE | AH61: TRUE | AI61: TRUE | AJ61: TRUE | AK61: TRUE | AL61: TRUE | AM61: TRUE | AN61: TRUE | AO61: TRUE | AP61: TRUE | AQ61: TRUE | AR61: TRUE | AS61: FALSE | AT61: TRUE | AU61: TRUE | AV61: TRUE | AW61: TRUE | AX61: TRUE | AY61: TRUE | AZ61: TRUE | BA61: TRUE | BB61: TRUE | BC61: TRUE | BD61: TRUE | BE61: TRUE | BF61: TRUE | BG61: TRUE | BH61: TRUE | BI61: TRUE | BJ61: TRUE | BK61: TRUE | BL61: TRUE | BM61: TRUE | BN61: TRUE | BO61: TRUE
A62: =A61&C62 -> MayADHIKARI BALIAOT HOURS | C62: OT HOURS | E62: =SUM(F62:BO62) -> 73 | AD62: 4 | AF62: 2 | AH62: 6 | AJ62: 2 | AL62: 4 | AN62: 8 | AR62: 4 | AT62: 7 | AX62: 2 | AZ62: 2 | BB62: 7 | BF62: 9 | BH62: 8 | BJ62: 4 | BL62: 2 | BN62: 2
A63: =B63&D63 -> MayMathi | B63: May | C63: DR 01 | D63: =IFERROR(VLOOKUP(C63,'Employees List'!$B$2:$C$28,2,0),"") -> Mathi | E63: =(F63+G63+H63+I63+J63+K63+L63+M63+N63+O63+P63+Q63+R63+S63+T63+U63+V63+W63+X63+Y63+Z63+AA63+AB63+AC63+AD63+AE63+AF63+AG63+AH63+AI63+AJ63+AK63+AL63+AM63+AN63+AO63+AP63+AQ63+AR63+AS63+AT63+AU63+AV63+AW63+AX63+AY63+AZ63+BA63+BB63+BC63+BD63+BE63+BF63+BG63+BH63+BI63+BJ63+BK63+BL63+BM63+BN63+BO63)/2 -> 30.5 | F63: TRUE | G63: TRUE | H63: TRUE | I63: TRUE | J63: TRUE | K63: TRUE | L63: TRUE | M63: TRUE | N63: TRUE | O63: TRUE | P63: TRUE | Q63: TRUE | R63: TRUE | S63: TRUE | T63: TRUE | U63: TRUE | V63: TRUE | W63: TRUE | X63: TRUE | Y63: TRUE | Z63: TRUE | AA63: TRUE | AB63: TRUE | AC63: TRUE | AD63: TRUE | AE63: TRUE | AF63: TRUE | AG63: TRUE | AH63: TRUE | AI63: TRUE | AJ63: TRUE | AK63: TRUE | AL63: TRUE | AM63: TRUE | AN63: TRUE | AO63: TRUE | AP63: TRUE | AQ63: TRUE | AR63: TRUE | AS63: TRUE | AT63: TRUE | AU63: TRUE | AV63: TRUE | AW63: TRUE | AX63: TRUE | AY63: TRUE | AZ63: TRUE | BA63: TRUE | BB63: TRUE | BC63: TRUE | BD63: TRUE | BE63: TRUE | BF63: TRUE | BG63: TRUE | BH63: FALSE | BI63: TRUE | BJ63: TRUE | BK63: TRUE | BL63: TRUE | BM63: TRUE | BN63: TRUE | BO63: TRUE
A64: =A63&C64 -> MayMathiOT HOURS | C64: OT HOURS | E64: =SUM(F64:BO64) -> 50 | H64: 4 | L64: 4 | P64: 4 | R64: 2 | V64: 3 | X64: 1 | Z64: 1 | AD64: 3 | AF64: 1 | AH64: 4 | AL64: 2 | AN64: 1 | AR64: 3 | AT64: 1 | AV64: 1 | AX64: 3 | BF64: 1 | BH64: 3 | BJ64: 2 | BN64: 6
A65: =B65&D65 -> MayRUPESH | B65: May | C65: PR 04 | D65: =IFERROR(VLOOKUP(C65,'Employees List'!$B$2:$C$28,2,0),"") -> RUPESH | E65: =(F65+G65+H65+I65+J65+K65+L65+M65+N65+O65+P65+Q65+R65+S65+T65+U65+V65+W65+X65+Y65+Z65+AA65+AB65+AC65+AD65+AE65+AF65+AG65+AH65+AI65+AJ65+AK65+AL65+AM65+AN65+AO65+AP65+AQ65+AR65+AS65+AT65+AU65+AV65+AW65+AX65+AY65+AZ65+BA65+BB65+BC65+BD65+BE65+BF65+BG65+BH65+BI65+BJ65+BK65+BL65+BM65+BN65+BO65)/2 -> 19 | F65: FALSE | G65: FALSE | H65: FALSE | I65: FALSE | J65: FALSE | K65: FALSE | L65: FALSE | M65: FALSE | N65: FALSE | O65: FALSE | P65: FALSE | Q65: FALSE | R65: FALSE | S65: FALSE | T65: FALSE | U65: FALSE | V65: FALSE | W65: FALSE | X65: FALSE | Y65: FALSE | Z65: FALSE | AA65: FALSE | AB65: FALSE | AC65: FALSE | AD65: TRUE | AE65: TRUE | AF65: TRUE | AG65: TRUE | AH65: TRUE | AI65: TRUE | AJ65: TRUE | AK65: TRUE | AL65: TRUE | AM65: TRUE | AN65: TRUE | AO65: TRUE | AP65: TRUE | AQ65: TRUE | AR65: TRUE | AS65: TRUE | AT65: TRUE | AU65: TRUE | AV65: TRUE | AW65: TRUE | AX65: TRUE | AY65: TRUE | AZ65: TRUE | BA65: TRUE | BB65: TRUE | BC65: TRUE | BD65: TRUE | BE65: TRUE | BF65: TRUE | BG65: TRUE | BH65: TRUE | BI65: TRUE | BJ65: TRUE | BK65: TRUE | BL65: TRUE | BM65: TRUE | BN65: TRUE | BO65: TRUE
A66: =A65&C66 -> MayRUPESHOT HOURS | C66: OT HOURS | E66: =SUM(F66:BO66) -> 77 | AD66: 4 | AF66: 2 | AH66: 6 | AJ66: 2 | AL66: 4 | AN66: 10 | AR66: 4 | AT66: 7 | AV66: 2 | AX66: 2 | AZ66: 2 | BB66: 7 | BF66: 9 | BH66: 8 | BJ66: 4 | BL66: 2 | BN66: 2
A67: =B67&D67 -> MaySANJAI BHAGAT | B67: May | C67: PR 05 | D67: =IFERROR(VLOOKUP(C67,'Employees List'!$B$2:$C$28,2,0),"") -> SANJAI BHAGAT | E67: =(F67+G67+H67+I67+J67+K67+L67+M67+N67+O67+P67+Q67+R67+S67+T67+U67+V67+W67+X67+Y67+Z67+AA67+AB67+AC67+AD67+AE67+AF67+AG67+AH67+AI67+AJ67+AK67+AL67+AM67+AN67+AO67+AP67+AQ67+AR67+AS67+AT67+AU67+AV67+AW67+AX67+AY67+AZ67+BA67+BB67+BC67+BD67+BE67+BF67+BG67+BH67+BI67+BJ67+BK67+BL67+BM67+BN67+BO67)/2 -> 19 | F67: FALSE | G67: FALSE | H67: FALSE | I67: FALSE | J67: FALSE | K67: FALSE | L67: FALSE | M67: FALSE | N67: FALSE | O67: FALSE | P67: FALSE | Q67: FALSE | R67: FALSE | S67: FALSE | T67: FALSE | U67: FALSE | V67: FALSE | W67: FALSE | X67: FALSE | Y67: FALSE | Z67: FALSE | AA67: FALSE | AB67: FALSE | AC67: FALSE | AD67: TRUE | AE67: TRUE | AF67: TRUE | AG67: TRUE | AH67: TRUE | AI67: TRUE | AJ67: TRUE | AK67: TRUE | AL67: TRUE | AM67: TRUE | AN67: TRUE | AO67: TRUE | AP67: TRUE | AQ67: TRUE | AR67: TRUE | AS67: TRUE | AT67: TRUE | AU67: TRUE | AV67: TRUE | AW67: TRUE | AX67: TRUE | AY67: TRUE | AZ67: TRUE | BA67: TRUE | BB67: TRUE | BC67: TRUE | BD67: TRUE | BE67: TRUE | BF67: TRUE | BG67: TRUE | BH67: TRUE | BI67: TRUE | BJ67: TRUE | BK67: TRUE | BL67: TRUE | BM67: TRUE | BN67: TRUE | BO67: TRUE
A68: =A67&C68 -> MaySANJAI BHAGATOT HOURS | C68: OT HOURS | E68: =SUM(F68:BO68) -> 79 | AD68: 4 | AF68: 2 | AH68: 6 | AJ68: 2 | AL68: 4 | AN68: 10 | AR68: 4 | AT68: 7 | AV68: 2 | AX68: 4 | AZ68: 2 | BB68: 7 | BF68: 9 | BH68: 8 | BJ68: 4 | BL68: 2 | BN68: 2
A69: =B69&D69 -> May | B69: May | D69: =IFERROR(VLOOKUP(C69,'Employees List'!$B$2:$C$28,2,0),"") | E69: =(F69+G69+H69+I69+J69+K69+L69+M69+N69+O69+P69+Q69+R69+S69+T69+U69+V69+W69+X69+Y69+Z69+AA69+AB69+AC69+AD69+AE69+AF69+AG69+AH69+AI69+AJ69+AK69+AL69+AM69+AN69+AO69+AP69+AQ69+AR69+AS69+AT69+AU69+AV69+AW69+AX69+AY69+AZ69+BA69+BB69+BC69+BD69+BE69+BF69+BG69+BH69+BI69+BJ69+BK69+BL69+BM69+BN69+BO69)/2 -> 0 | F69: FALSE | G69: FALSE | H69: FALSE | I69: FALSE | J69: FALSE | K69: FALSE | L69: FALSE | M69: FALSE | N69: FALSE | O69: FALSE | P69: FALSE | Q69: FALSE | R69: FALSE | S69: FALSE | T69: FALSE | U69: FALSE | V69: FALSE | W69: FALSE | X69: FALSE | Y69: FALSE | Z69: FALSE | AA69: FALSE | AB69: FALSE | AC69: FALSE | AD69: FALSE | AE69: FALSE | AF69: FALSE | AG69: FALSE | AH69: FALSE | AI69: FALSE | AJ69: FALSE | AK69: FALSE | AL69: FALSE | AM69: FALSE | AN69: FALSE | AO69: FALSE | AP69: FALSE | AQ69: FALSE | AR69: FALSE | AS69: FALSE | AT69: FALSE | AU69: FALSE | AV69: FALSE | AW69: FALSE | AX69: FALSE | AY69: FALSE | AZ69: FALSE | BA69: FALSE | BB69: FALSE | BC69: FALSE | BD69: FALSE | BE69: FALSE | BF69: FALSE | BG69: FALSE | BH69: FALSE | BI69: FALSE | BJ69: FALSE | BK69: FALSE | BL69: FALSE | BM69: FALSE | BN69: FALSE | BO69: FALSE
A70: =A69&C70 -> MayOT HOURS | C70: OT HOURS | E70: =SUM(F70:BO70) -> 0
A71: =B71&D71 -> May | B71: May | D71: =IFERROR(VLOOKUP(C71,'Employees List'!$B$2:$C$28,2,0),"") | E71: =(F71+G71+H71+I71+J71+K71+L71+M71+N71+O71+P71+Q71+R71+S71+T71+U71+V71+W71+X71+Y71+Z71+AA71+AB71+AC71+AD71+AE71+AF71+AG71+AH71+AI71+AJ71+AK71+AL71+AM71+AN71+AO71+AP71+AQ71+AR71+AS71+AT71+AU71+AV71+AW71+AX71+AY71+AZ71+BA71+BB71+BC71+BD71+BE71+BF71+BG71+BH71+BI71+BJ71+BK71+BL71+BM71+BN71+BO71)/2 -> 0 | F71: FALSE | G71: FALSE | H71: FALSE | I71: FALSE | J71: FALSE | K71: FALSE | L71: FALSE | M71: FALSE | N71: FALSE | O71: FALSE | P71: FALSE | Q71: FALSE | R71: FALSE | S71: FALSE | T71: FALSE | U71: FALSE | V71: FALSE | W71: FALSE | X71: FALSE | Y71: FALSE | Z71: FALSE | AA71: FALSE | AB71: FALSE | AC71: FALSE | AD71: FALSE | AE71: FALSE | AF71: FALSE | AG71: FALSE | AH71: FALSE | AI71: FALSE | AJ71: FALSE | AK71: FALSE | AL71: FALSE | AM71: FALSE | AN71: FALSE | AO71: FALSE | AP71: FALSE | AQ71: FALSE | AR71: FALSE | AS71: FALSE | AT71: FALSE | AU71: FALSE | AV71: FALSE | AW71: FALSE | AX71: FALSE | AY71: FALSE | AZ71: FALSE | BA71: FALSE | BB71: FALSE | BC71: FALSE | BD71: FALSE | BE71: FALSE | BF71: FALSE | BG71: FALSE | BH71: FALSE | BI71: FALSE | BJ71: FALSE | BK71: FALSE | BL71: FALSE | BM71: FALSE | BN71: FALSE | BO71: FALSE
A72: =A71&C72 -> MayOT HOURS | C72: OT HOURS | E72: =SUM(F72:BO72) -> 0
A73: =B73&D73 -> May | B73: May | D73: =IFERROR(VLOOKUP(C73,'Employees List'!$B$2:$C$28,2,0),"") | E73: =(F73+G73+H73+I73+J73+K73+L73+M73+N73+O73+P73+Q73+R73+S73+T73+U73+V73+W73+X73+Y73+Z73+AA73+AB73+AC73+AD73+AE73+AF73+AG73+AH73+AI73+AJ73+AK73+AL73+AM73+AN73+AO73+AP73+AQ73+AR73+AS73+AT73+AU73+AV73+AW73+AX73+AY73+AZ73+BA73+BB73+BC73+BD73+BE73+BF73+BG73+BH73+BI73+BJ73+BK73+BL73+BM73+BN73+BO73)/2 -> 0 | F73: FALSE | G73: FALSE | H73: FALSE | I73: FALSE | J73: FALSE | K73: FALSE | L73: FALSE | M73: FALSE | N73: FALSE | O73: FALSE | P73: FALSE | Q73: FALSE | R73: FALSE | S73: FALSE | T73: FALSE | U73: FALSE | V73: FALSE | W73: FALSE | X73: FALSE | Y73: FALSE | Z73: FALSE | AA73: FALSE | AB73: FALSE | AC73: FALSE | AD73: FALSE | AE73: FALSE | AF73: FALSE | AG73: FALSE | AH73: FALSE | AI73: FALSE | AJ73: FALSE | AK73: FALSE | AL73: FALSE | AM73: FALSE | AN73: FALSE | AO73: FALSE | AP73: FALSE | AQ73: FALSE | AR73: FALSE | AS73: FALSE | AT73: FALSE | AU73: FALSE | AV73: FALSE | AW73: FALSE | AX73: FALSE | AY73: FALSE | AZ73: FALSE | BA73: FALSE | BB73: FALSE | BC73: FALSE | BD73: FALSE | BE73: FALSE | BF73: FALSE | BG73: FALSE | BH73: FALSE | BI73: FALSE | BJ73: FALSE | BK73: FALSE | BL73: FALSE | BM73: FALSE | BN73: FALSE | BO73: FALSE
A74: =A73&C74 -> MayOT HOURS | C74: OT HOURS | E74: =SUM(F74:BO74) -> 0
C75: 45444
A76: =B76&D76 -> JuneBHUVANESWARAN | B76: June | C76: AC 01 | D76: =IFERROR(VLOOKUP(C76,'Employees List'!$B$2:$C$28,2,0),"") -> BHUVANESWARAN | E76: =(F76+G76+H76+I76+J76+K76+L76+M76+N76+O76+P76+Q76+R76+S76+T76+U76+V76+W76+X76+Y76+Z76+AA76+AB76+AC76+AD76+AE76+AF76+AG76+AH76+AI76+AJ76+AK76+AL76+AM76+AN76+AO76+AP76+AQ76+AR76+AS76+AT76+AU76+AV76+AW76+AX76+AY76+AZ76+BA76+BB76+BC76+BD76+BE76+BF76+BG76+BH76+BI76+BJ76+BK76+BL76+BM76+BN76+BO76)/2 -> 30 | F76: TRUE | G76: TRUE | H76: TRUE | I76: TRUE | J76: TRUE | K76: TRUE | L76: TRUE | M76: TRUE | N76: TRUE | O76: TRUE | P76: TRUE | Q76: TRUE | R76: TRUE | S76: TRUE | T76: TRUE | U76: TRUE | V76: TRUE | W76: TRUE | X76: TRUE | Y76: TRUE | Z76: TRUE | AA76: TRUE | AB76: TRUE | AC76: TRUE | AD76: TRUE | AE76: TRUE | AF76: TRUE | AG76: TRUE | AH76: TRUE | AI76: TRUE | AJ76: TRUE | AK76: TRUE | AL76: TRUE | AM76: TRUE | AN76: TRUE | AO76: TRUE | AP76: TRUE | AQ76: TRUE | AR76: TRUE | AS76: TRUE | AT76: TRUE | AU76: TRUE | AV76: TRUE | AW76: TRUE | AX76: TRUE | AY76: TRUE | AZ76: TRUE | BA76: TRUE | BB76: TRUE | BC76: TRUE | BD76: TRUE | BE76: TRUE | BF76: TRUE | BG76: TRUE | BH76: TRUE | BI76: TRUE | BJ76: TRUE | BK76: TRUE | BL76: TRUE | BM76: TRUE | BN76: FALSE | BO76: FALSE
A77: =A76&C77 -> JuneBHUVANESWARANOT HOURS | C77: OT HOURS | E77: =SUM(F77:BO77) -> 0
A78: =B78&D78 -> JuneGANESH | B78: June | C78: PR 02 | D78: =IFERROR(VLOOKUP(C78,'Employees List'!$B$2:$C$28,2,0),"") -> GANESH | E78: =(F78+G78+H78+I78+J78+K78+L78+M78+N78+O78+P78+Q78+R78+S78+T78+U78+V78+W78+X78+Y78+Z78+AA78+AB78+AC78+AD78+AE78+AF78+AG78+AH78+AI78+AJ78+AK78+AL78+AM78+AN78+AO78+AP78+AQ78+AR78+AS78+AT78+AU78+AV78+AW78+AX78+AY78+AZ78+BA78+BB78+BC78+BD78+BE78+BF78+BG78+BH78+BI78+BJ78+BK78+BL78+BM78+BN78+BO78)/2 -> 30 | F78: TRUE | G78: TRUE | H78: TRUE | I78: TRUE | J78: TRUE | K78: TRUE | L78: TRUE | M78: TRUE | N78: TRUE | O78: TRUE | P78: TRUE | Q78: TRUE | R78: TRUE | S78: TRUE | T78: TRUE | U78: TRUE | V78: TRUE | W78: TRUE | X78: TRUE | Y78: TRUE | Z78: TRUE | AA78: TRUE | AB78: TRUE | AC78: TRUE | AD78: TRUE | AE78: TRUE | AF78: TRUE | AG78: TRUE | AH78: TRUE | AI78: TRUE | AJ78: TRUE | AK78: TRUE | AL78: TRUE | AM78: TRUE | AN78: TRUE | AO78: TRUE | AP78: TRUE | AQ78: TRUE | AR78: TRUE | AS78: TRUE | AT78: TRUE | AU78: TRUE | AV78: TRUE | AW78: TRUE | AX78: TRUE | AY78: TRUE | AZ78: TRUE | BA78: TRUE | BB78: TRUE | BC78: TRUE | BD78: TRUE | BE78: TRUE | BF78: TRUE | BG78: TRUE | BH78: TRUE | BI78: TRUE | BJ78: TRUE | BK78: TRUE | BL78: TRUE | BM78: TRUE | BN78: FALSE | BO78: FALSE
A79: =A78&C79 -> JuneGANESHOT HOURS | C79: OT HOURS | E79: =(F79+G79+H79+I79+J79+K79+L79+M79+N79+O79+P79+Q79+R79+S79+T79+U79+V79+W79+X79+Y79+Z79+AA79+AB79+AC79+AD79+AE79+AF79+AG79+AH79+AI79+AJ79+AK79+AL79+AM79+AN79+AO79+AP79+AQ79+AR79+AS79+AT79+AU79+AV79+AW79+AX79+AY79+AZ79+BA79+BB79+BC79+BD79+BE79+BF79+BG79+BH79+BI79+BJ79+BK79+BL79+BM79+BN79+BO79) -> 41 | J79: 2 | L79: 1 | N79: 3 | P79: 2 | R79: 2 | X79: 2 | Z79: 3 | AB79: 2 | AD79: 2 | AF79: 2 | AH79: 3 | AJ79: 7 | AL79: 2 | AN79: 2 | AP79: 2 | AZ79: 2 | BB79: 2
A80: =B80&D80 -> JuneVASANTHA | B80: June | C80: PR 01 | D80: =IFERROR(VLOOKUP(C80,'Employees List'!$B$2:$C$28,2,0),"") -> VASANTHA | E80: =(F80+G80+H80+I80+J80+K80+L80+M80+N80+O80+P80+Q80+R80+S80+T80+U80+V80+W80+X80+Y80+Z80+AA80+AB80+AC80+AD80+AE80+AF80+AG80+AH80+AI80+AJ80+AK80+AL80+AM80+AN80+AO80+AP80+AQ80+AR80+AS80+AT80+AU80+AV80+AW80+AX80+AY80+AZ80+BA80+BB80+BC80+BD80+BE80+BF80+BG80+BH80+BI80+BJ80+BK80+BL80+BM80+BN80+BO80)/2 -> 28 | F80: TRUE | G80: TRUE | H80: TRUE | I80: TRUE | J80: FALSE | K80: TRUE | L80: TRUE | M80: TRUE | N80: TRUE | O80: TRUE | P80: TRUE | Q80: TRUE | R80: TRUE | S80: TRUE | T80: TRUE | U80: TRUE | V80: TRUE | W80: TRUE | X80: TRUE | Y80: TRUE | Z80: TRUE | AA80: TRUE | AB80: TRUE | AC80: TRUE | AD80: FALSE | AE80: TRUE | AF80: TRUE | AG80: TRUE | AH80: TRUE | AI80: TRUE | AJ80: TRUE | AK80: TRUE | AL80: TRUE | AM80: TRUE | AN80: TRUE | AO80: TRUE | AP80: TRUE | AQ80: TRUE | AR80: TRUE | AS80: TRUE | AT80: TRUE | AU80: TRUE | AV80: TRUE | AW80: TRUE | AX80: TRUE | AY80: TRUE | AZ80: TRUE | BA80: TRUE | BB80: TRUE | BC80: TRUE | BD80: TRUE | BE80: TRUE | BF80: FALSE | BG80: FALSE | BH80: TRUE | BI80: TRUE | BJ80: TRUE | BK80: TRUE | BL80: TRUE | BM80: TRUE | BN80: FALSE | BO80: FALSE
A81: =A80&C81 -> JuneVASANTHAOT HOURS | C81: OT HOURS | E81: =(F81+G81+H81+I81+J81+K81+L81+M81+N81+O81+P81+Q81+R81+S81+T81+U81+V81+W81+X81+Y81+Z81+AA81+AB81+AC81+AD81+AE81+AF81+AG81+AH81+AI81+AJ81+AK81+AL81+AM81+AN81+AO81+AP81+AQ81+AR81+AS81+AT81+AU81+AV81+AW81+AX81+AY81+AZ81+BA81+BB81+BC81+BD81+BE81+BF81+BG81+BH81+BI81+BJ81+BK81+BL81+BM81+BN81+BO81) -> 37 | H81: 5 | N81: 2 | P81: 2 | T81: 2 | X81: 2 | Z81: 2 | AB81: 2 | AD81: 2 | AF81: 2 | AH81: 2 | AJ81: 6 | AL81: 2 | AN81: 2 | AP81: 2 | AR81: 1 | AT81: 1
A82: =B82&D82 -> JuneSUNDARI | B82: June | C82: AC 02 | D82: =IFERROR(VLOOKUP(C82,'Employees List'!$B$2:$C$28,2,0),"") -> SUNDARI | E82: =(F82+G82+H82+I82+J82+K82+L82+M82+N82+O82+P82+Q82+R82+S82+T82+U82+V82+W82+X82+Y82+Z82+AA82+AB82+AC82+AD82+AE82+AF82+AG82+AH82+AI82+AJ82+AK82+AL82+AM82+AN82+AO82+AP82+AQ82+AR82+AS82+AT82+AU82+AV82+AW82+AX82+AY82+AZ82+BA82+BB82+BC82+BD82+BE82+BF82+BG82+BH82+BI82+BJ82+BK82+BL82+BM82+BN82+BO82)/2 -> 30 | F82: TRUE | G82: TRUE | H82: TRUE | I82: TRUE | J82: TRUE | K82: TRUE | L82: TRUE | M82: TRUE | N82: TRUE | O82: TRUE | P82: TRUE | Q82: TRUE | R82: TRUE | S82: TRUE | T82: TRUE | U82: TRUE | V82: TRUE | W82: TRUE | X82: TRUE | Y82: TRUE | Z82: TRUE | AA82: TRUE | AB82: TRUE | AC82: TRUE | AD82: TRUE | AE82: TRUE | AF82: TRUE | AG82: TRUE | AH82: TRUE | AI82: TRUE | AJ82: TRUE | AK82: TRUE | AL82: TRUE | AM82: TRUE | AN82: TRUE | AO82: TRUE | AP82: TRUE | AQ82: TRUE | AR82: TRUE | AS82: TRUE | AT82: TRUE | AU82: TRUE | AV82: TRUE | AW82: TRUE | AX82: TRUE | AY82: TRUE | AZ82: TRUE | BA82: TRUE | BB82: TRUE | BC82: TRUE | BD82: TRUE | BE82: TRUE | BF82: TRUE | BG82: TRUE | BH82: TRUE | BI82: TRUE | BJ82: TRUE | BK82: TRUE | BL82: TRUE | BM82: TRUE | BN82: FALSE | BO82: FALSE
A83: =A82&C83 -> JuneSUNDARIOT HOURS | C83: OT HOURS | E83: =(F83+G83+H83+I83+J83+K83+L83+M83+N83+O83+P83+Q83+R83+S83+T83+U83+V83+W83+X83+Y83+Z83+AA83+AB83+AC83+AD83+AE83+AF83+AG83+AH83+AI83+AJ83+AK83+AL83+AM83+AN83+AO83+AP83+AQ83+AR83+AS83+AT83+AU83+AV83+AW83+AX83+AY83+AZ83+BA83+BB83+BC83+BD83+BE83+BF83+BG83+BH83+BI83+BJ83+BK83+BL83+BM83+BN83+BO83) -> 3 | X83: 1 | AH83: 1 | BF83: 1
A84: =B84&D84 -> JuneADHIKARI BALIA | B84: June | C84: PR 03 | D84: =IFERROR(VLOOKUP(C84,'Employees List'!$B$2:$C$28,2,0),"") -> ADHIKARI BALIA | E84: =(F84+G84+H84+I84+J84+K84+L84+M84+N84+O84+P84+Q84+R84+S84+T84+U84+V84+W84+X84+Y84+Z84+AA84+AB84+AC84+AD84+AE84+AF84+AG84+AH84+AI84+AJ84+AK84+AL84+AM84+AN84+AO84+AP84+AQ84+AR84+AS84+AT84+AU84+AV84+AW84+AX84+AY84+AZ84+BA84+BB84+BC84+BD84+BE84+BF84+BG84+BH84+BI84+BJ84+BK84+BL84+BM84+BN84+BO84)/2 -> 30 | F84: TRUE | G84: TRUE | H84: TRUE | I84: TRUE | J84: TRUE | K84: TRUE | L84: TRUE | M84: TRUE | N84: TRUE | O84: TRUE | P84: TRUE | Q84: TRUE | R84: TRUE | S84: TRUE | T84: TRUE | U84: TRUE | V84: TRUE | W84: TRUE | X84: TRUE | Y84: TRUE | Z84: TRUE | AA84: TRUE | AB84: TRUE | AC84: TRUE | AD84: TRUE | AE84: TRUE | AF84: TRUE | AG84: TRUE | AH84: TRUE | AI84: TRUE | AJ84: TRUE | AK84: TRUE | AL84: TRUE | AM84: TRUE | AN84: TRUE | AO84: TRUE | AP84: TRUE | AQ84: TRUE | AR84: TRUE | AS84: TRUE | AT84: TRUE | AU84: TRUE | AV84: TRUE | AW84: TRUE | AX84: TRUE | AY84: TRUE | AZ84: TRUE | BA84: TRUE | BB84: TRUE | BC84: TRUE | BD84: TRUE | BE84: TRUE | BF84: TRUE | BG84: TRUE | BH84: TRUE | BI84: TRUE | BJ84: TRUE | BK84: TRUE | BL84: TRUE | BM84: TRUE | BN84: FALSE | BO84: FALSE
A85: =A84&C85 -> JuneADHIKARI BALIAOT HOURS | C85: OT HOURS | E85: =(F85+G85+H85+I85+J85+K85+L85+M85+N85+O85+P85+Q85+R85+S85+T85+U85+V85+W85+X85+Y85+Z85+AA85+AB85+AC85+AD85+AE85+AF85+AG85+AH85+AI85+AJ85+AK85+AL85+AM85+AN85+AO85+AP85+AQ85+AR85+AS85+AT85+AU85+AV85+AW85+AX85+AY85+AZ85+BA85+BB85+BC85+BD85+BE85+BF85+BG85+BH85+BI85+BJ85+BK85+BL85+BM85+BN85+BO85) -> 96 | H85: 6 | J85: 4 | L85: 1 | N85: 8 | P85: 6 | R85: 2 | T85: 5 | X85: 6 | Z85: 3 | AB85: 6 | AD85: 5 | AF85: 2 | AH85: 5 | AJ85: 8 | AL85: 6 | AN85: 2 | AP85: 2 | AR85: 4 | AT85: 1 | AZ85: 2 | BB85: 7 | BD85: 2 | BJ85: 3
A86: =B86&D86 -> JuneMathi | B86: June | C86: DR 01 | D86: =IFERROR(VLOOKUP(C86,'Employees List'!$B$2:$C$28,2,0),"") -> Mathi | E86: =(F86+G86+H86+I86+J86+K86+L86+M86+N86+O86+P86+Q86+R86+S86+T86+U86+V86+W86+X86+Y86+Z86+AA86+AB86+AC86+AD86+AE86+AF86+AG86+AH86+AI86+AJ86+AK86+AL86+AM86+AN86+AO86+AP86+AQ86+AR86+AS86+AT86+AU86+AV86+AW86+AX86+AY86+AZ86+BA86+BB86+BC86+BD86+BE86+BF86+BG86+BH86+BI86+BJ86+BK86+BL86+BM86+BN86+BO86)/2 -> 28 | F86: TRUE | G86: TRUE | H86: TRUE | I86: TRUE | J86: TRUE | K86: TRUE | L86: TRUE | M86: TRUE | N86: TRUE | O86: TRUE | P86: TRUE | Q86: TRUE | R86: TRUE | S86: TRUE | T86: TRUE | U86: TRUE | V86: TRUE | W86: TRUE | X86: TRUE | Y86: TRUE | Z86: FALSE | AA86: FALSE | AB86: TRUE | AC86: TRUE | AD86: TRUE | AE86: TRUE | AF86: TRUE | AG86: TRUE | AH86: TRUE | AI86: TRUE | AJ86: TRUE | AK86: TRUE | AL86: FALSE | AM86: FALSE | AN86: TRUE | AO86: TRUE | AP86: TRUE | AQ86: TRUE | AR86: TRUE | AS86: TRUE | AT86: TRUE | AU86: TRUE | AV86: TRUE | AW86: TRUE | AX86: TRUE | AY86: TRUE | AZ86: TRUE | BA86: TRUE | BB86: TRUE | BC86: TRUE | BD86: TRUE | BE86: TRUE | BF86: TRUE | BG86: TRUE | BH86: TRUE | BI86: TRUE | BJ86: TRUE | BK86: TRUE | BL86: TRUE | BM86: TRUE | BN86: FALSE | BO86: FALSE
A87: =A86&C87 -> JuneMathiOT HOURS | C87: OT HOURS | E87: =(F87+G87+H87+I87+J87+K87+L87+M87+N87+O87+P87+Q87+R87+S87+T87+U87+V87+W87+X87+Y87+Z87+AA87+AB87+AC87+AD87+AE87+AF87+AG87+AH87+AI87+AJ87+AK87+AL87+AM87+AN87+AO87+AP87+AQ87+AR87+AS87+AT87+AU87+AV87+AW87+AX87+AY87+AZ87+BA87+BB87+BC87+BD87+BE87+BF87+BG87+BH87+BI87+BJ87+BK87+BL87+BM87+BN87+BO87) -> 49 | J87: 3 | N87: 3 | P87: 1 | R87: 2 | T87: 1 | X87: 3 | AB87: 4 | AD87: 3 | AF87: 2 | AH87: 4 | AN87: 1 | AP87: 4 | AR87: 1 | AT87: 3 | AZ87: 1 | BB87: 3 | BD87: 3 | BH87: 4 | BJ87: 3
A88: =B88&D88 -> JuneSANJAI BHAGAT | B88: June | C88: PR 05 | D88: =IFERROR(VLOOKUP(C88,'Employees List'!$B$2:$C$28,2,0),"") -> SANJAI BHAGAT | E88: =(F88+G88+H88+I88+J88+K88+L88+M88+N88+O88+P88+Q88+R88+S88+T88+U88+V88+W88+X88+Y88+Z88+AA88+AB88+AC88+AD88+AE88+AF88+AG88+AH88+AI88+AJ88+AK88+AL88+AM88+AN88+AO88+AP88+AQ88+AR88+AS88+AT88+AU88+AV88+AW88+AX88+AY88+AZ88+BA88+BB88+BC88+BD88+BE88+BF88+BG88+BH88+BI88+BJ88+BK88+BL88+BM88+BN88+BO88)/2 -> 30 | F88: TRUE | G88: TRUE | H88: TRUE | I88: TRUE | J88: TRUE | K88: TRUE | L88: TRUE | M88: TRUE | N88: TRUE | O88: TRUE | P88: TRUE | Q88: TRUE | R88: TRUE | S88: TRUE | T88: TRUE | U88: TRUE | V88: TRUE | W88: TRUE | X88: TRUE | Y88: TRUE | Z88: TRUE | AA88: TRUE | AB88: TRUE | AC88: TRUE | AD88: TRUE | AE88: TRUE | AF88: TRUE | AG88: TRUE | AH88: TRUE | AI88: TRUE | AJ88: TRUE | AK88: TRUE | AL88: TRUE | AM88: TRUE | AN88: TRUE | AO88: TRUE | AP88: TRUE | AQ88: TRUE | AR88: TRUE | AS88: TRUE | AT88: TRUE | AU88: TRUE | AV88: TRUE | AW88: TRUE | AX88: TRUE | AY88: TRUE | AZ88: TRUE | BA88: TRUE | BB88: TRUE | BC88: TRUE | BD88: TRUE | BE88: TRUE | BF88: TRUE | BG88: TRUE | BH88: TRUE | BI88: TRUE | BJ88: TRUE | BK88: TRUE | BL88: TRUE | BM88: TRUE | BN88: FALSE | BO88: FALSE
A89: =A88&C89 -> JuneSANJAI BHAGATOT HOURS | C89: OT HOURS | E89: =(F89+G89+H89+I89+J89+K89+L89+M89+N89+O89+P89+Q89+R89+S89+T89+U89+V89+W89+X89+Y89+Z89+AA89+AB89+AC89+AD89+AE89+AF89+AG89+AH89+AI89+AJ89+AK89+AL89+AM89+AN89+AO89+AP89+AQ89+AR89+AS89+AT89+AU89+AV89+AW89+AX89+AY89+AZ89+BA89+BB89+BC89+BD89+BE89+BF89+BG89+BH89+BI89+BJ89+BK89+BL89+BM89+BN89+BO89) -> 130 | H89: 8 | J89: 4 | L89: 1 | N89: 8 | P89: 6 | R89: 4 | T89: 5 | V89: 8 | X89: 6 | Z89: 6 | AB89: 5 | AD89: 6 | AF89: 2 | AH89: 8 | AJ89: 8 | AL89: 6 | AN89: 2 | AP89: 5 | AR89: 4 | AT89: 4 | AV89: 3 | AX89: 2 | AZ89: 2 | BB89: 4 | BD89: 4 | BF89: 2 | BH89: 4 | BJ89: 3
A90: =B90&D90 -> JuneRUPESH | B90: June | C90: PR 04 | D90: =IFERROR(VLOOKUP(C90,'Employees List'!$B$2:$C$28,2,0),"") -> RUPESH | E90: =(F90+G90+H90+I90+J90+K90+L90+M90+N90+O90+P90+Q90+R90+S90+T90+U90+V90+W90+X90+Y90+Z90+AA90+AB90+AC90+AD90+AE90+AF90+AG90+AH90+AI90+AJ90+AK90+AL90+AM90+AN90+AO90+AP90+AQ90+AR90+AS90+AT90+AU90+AV90+AW90+AX90+AY90+AZ90+BA90+BB90+BC90+BD90+BE90+BF90+BG90+BH90+BI90+BJ90+BK90+BL90+BM90+BN90+BO90)/2 -> 30 | F90: TRUE | G90: TRUE | H90: TRUE | I90: TRUE | J90: TRUE | K90: TRUE | L90: TRUE | M90: TRUE | N90: TRUE | O90: TRUE | P90: TRUE | Q90: TRUE | R90: TRUE | S90: TRUE | T90: TRUE | U90: TRUE | V90: TRUE | W90: TRUE | X90: TRUE | Y90: TRUE | Z90: TRUE | AA90: TRUE | AB90: TRUE | AC90: TRUE | AD90: TRUE | AE90: TRUE | AF90: TRUE | AG90: TRUE | AH90: TRUE | AI90: TRUE | AJ90: TRUE | AK90: TRUE | AL90: TRUE | AM90: TRUE | AN90: TRUE | AO90: TRUE | AP90: TRUE | AQ90: TRUE | AR90: TRUE | AS90: TRUE | AT90: TRUE | AU90: TRUE | AV90: TRUE | AW90: TRUE | AX90: TRUE | AY90: TRUE | AZ90: TRUE | BA90: TRUE | BB90: TRUE | BC90: TRUE | BD90: TRUE | BE90: TRUE | BF90: TRUE | BG90: TRUE | BH90: TRUE | BI90: TRUE | BJ90: TRUE | BK90: TRUE | BL90: TRUE | BM90: TRUE | BN90: FALSE | BO90: FALSE
A91: =A90&C91 -> JuneRUPESHOT HOURS | C91: OT HOURS | E91: =(F91+G91+H91+I91+J91+K91+L91+M91+N91+O91+P91+Q91+R91+S91+T91+U91+V91+W91+X91+Y91+Z91+AA91+AB91+AC91+AD91+AE91+AF91+AG91+AH91+AI91+AJ91+AK91+AL91+AM91+AN91+AO91+AP91+AQ91+AR91+AS91+AT91+AU91+AV91+AW91+AX91+AY91+AZ91+BA91+BB91+BC91+BD91+BE91+BF91+BG91+BH91+BI91+BJ91+BK91+BL91+BM91+BN91+BO91) -> 111 | H91: 6 | J91: 4 | L91: 1 | N91: 8 | P91: 6 | R91: 2 | T91: 5 | V91: 8 | X91: 6 | Z91: 3 | AB91: 6 | AD91: 5 | AF91: 2 | AH91: 8 | AJ91: 8 | AL91: 4 | AN91: 2 | AP91: 5 | AR91: 4 | AT91: 1 | AZ91: 2 | BB91: 4 | BD91: 2 | BF91: 6 | BJ91: 3
A92: =B92&D92 -> JuneLIPAN | B92: June | C92: PR 21 | D92: =IFERROR(VLOOKUP(C92,'Employees List'!$B$2:$C$28,2,0),"") -> LIPAN | E92: =(F92+G92+H92+I92+J92+K92+L92+M92+N92+O92+P92+Q92+R92+S92+T92+U92+V92+W92+X92+Y92+Z92+AA92+AB92+AC92+AD92+AE92+AF92+AG92+AH92+AI92+AJ92+AK92+AL92+AM92+AN92+AO92+AP92+AQ92+AR92+AS92+AT92+AU92+AV92+AW92+AX92+AY92+AZ92+BA92+BB92+BC92+BD92+BE92+BF92+BG92+BH92+BI92+BJ92+BK92+BL92+BM92+BN92+BO92)/2 -> 11 | F92: FALSE | G92: FALSE | H92: FALSE | I92: FALSE | J92: FALSE | K92: FALSE | L92: FALSE | M92: FALSE | N92: FALSE | O92: FALSE | P92: FALSE | Q92: FALSE | R92: FALSE | S92: FALSE | T92: FALSE | U92: FALSE | V92: FALSE | W92: FALSE | X92: FALSE | Y92: FALSE | Z92: FALSE | AA92: FALSE | AB92: FALSE | AC92: FALSE | AD92: FALSE | AE92: FALSE | AF92: FALSE | AG92: FALSE | AH92: FALSE | AI92: FALSE | AJ92: FALSE | AK92: FALSE | AL92: FALSE | AM92: FALSE | AN92: FALSE | AO92: FALSE | AP92: FALSE | AQ92: FALSE | AR92: TRUE | AS92: TRUE | AT92: TRUE | AU92: TRUE | AV92: TRUE | AW92: TRUE | AX92: TRUE | AY92: TRUE | AZ92: TRUE | BA92: TRUE | BB92: TRUE | BC92: TRUE | BD92: TRUE | BE92: TRUE | BF92: TRUE | BG92: TRUE | BH92: TRUE | BI92: TRUE | BJ92: TRUE | BK92: TRUE | BL92: TRUE | BM92: TRUE | BN92: FALSE | BO92: FALSE
A93: =A92&C93 -> JuneLIPANOT HOURS | C93: OT HOURS | E93: =(F93+G93+H93+I93+J93+K93+L93+M93+N93+O93+P93+Q93+R93+S93+T93+U93+V93+W93+X93+Y93+Z93+AA93+AB93+AC93+AD93+AE93+AF93+AG93+AH93+AI93+AJ93+AK93+AL93+AM93+AN93+AO93+AP93+AQ93+AR93+AS93+AT93+AU93+AV93+AW93+AX93+AY93+AZ93+BA93+BB93+BC93+BD93+BE93+BF93+BG93+BH93+BI93+BJ93+BK93+BL93+BM93+BN93+BO93) -> 27 | AR93: 2 | AT93: 1 | AZ93: 2 | BB93: 7 | BD93: 2 | BF93: 6 | BH93: 4 | BJ93: 3
C94: 45474
A95: =B95&D95 -> JulyBHUVANESWARAN | B95: July | C95: AC 01 | D95: =IFERROR(VLOOKUP(C95,'Employees List'!$B$2:$C$28,2,0),"") -> BHUVANESWARAN | E95: =(F95+G95+H95+I95+J95+K95+L95+M95+N95+O95+P95+Q95+R95+S95+T95+U95+V95+W95+X95+Y95+Z95+AA95+AB95+AC95+AD95+AE95+AF95+AG95+AH95+AI95+AJ95+AK95+AL95+AM95+AN95+AO95+AP95+AQ95+AR95+AS95+AT95+AU95+AV95+AW95+AX95+AY95+AZ95+BA95+BB95+BC95+BD95+BE95+BF95+BG95+BH95+BI95+BJ95+BK95+BL95+BM95+BN95+BO95)/2 -> 31 | F95: TRUE | G95: TRUE | H95: TRUE | I95: TRUE | J95: TRUE | K95: TRUE | L95: TRUE | M95: TRUE | N95: TRUE | O95: TRUE | P95: TRUE | Q95: TRUE | R95: TRUE | S95: TRUE | T95: TRUE | U95: TRUE | V95: TRUE | W95: TRUE | X95: TRUE | Y95: TRUE | Z95: TRUE | AA95: TRUE | AB95: TRUE | AC95: TRUE | AD95: TRUE | AE95: TRUE | AF95: TRUE | AG95: TRUE | AH95: TRUE | AI95: TRUE | AJ95: TRUE | AK95: TRUE | AL95: TRUE | AM95: TRUE | AN95: TRUE | AO95: TRUE | AP95: TRUE | AQ95: TRUE | AR95: TRUE | AS95: TRUE | AT95: TRUE | AU95: TRUE | AV95: TRUE | AW95: TRUE | AX95: TRUE | AY95: TRUE | AZ95: TRUE | BA95: TRUE | BB95: TRUE | BC95: TRUE | BD95: TRUE | BE95: TRUE | BF95: TRUE | BG95: TRUE | BH95: TRUE | BI95: TRUE | BJ95: TRUE | BK95: TRUE | BL95: TRUE | BM95: TRUE | BN95: TRUE | BO95: TRUE
A96: =A95&C96 -> JulyBHUVANESWARANOT HOURS | C96: OT HOURS | E96: =(F96+G96+H96+I96+J96+K96+L96+M96+N96+O96+P96+Q96+R96+S96+T96+U96+V96+W96+X96+Y96+Z96+AA96+AB96+AC96+AD96+AE96+AF96+AG96+AH96+AI96+AJ96+AK96+AL96+AM96+AN96+AO96+AP96+AQ96+AR96+AS96+AT96+AU96+AV96+AW96+AX96+AY96+AZ96+BA96+BB96+BC96+BD96+BE96+BF96+BG96+BH96+BI96+BJ96+BK96+BL96+BM96+BN96+BO96) -> 0
A97: =B97&D97 -> JulyGANESH | B97: July | C97: PR 02 | D97: =IFERROR(VLOOKUP(C97,'Employees List'!$B$2:$C$28,2,0),"") -> GANESH | E97: =(F97+G97+H97+I97+J97+K97+L97+M97+N97+O97+P97+Q97+R97+S97+T97+U97+V97+W97+X97+Y97+Z97+AA97+AB97+AC97+AD97+AE97+AF97+AG97+AH97+AI97+AJ97+AK97+AL97+AM97+AN97+AO97+AP97+AQ97+AR97+AS97+AT97+AU97+AV97+AW97+AX97+AY97+AZ97+BA97+BB97+BC97+BD97+BE97+BF97+BG97+BH97+BI97+BJ97+BK97+BL97+BM97+BN97+BO97)/2 -> 25.5 | F97: TRUE | G97: FALSE | H97: TRUE | I97: TRUE | J97: TRUE | K97: TRUE | L97: TRUE | M97: TRUE | N97: TRUE | O97: TRUE | P97: TRUE | Q97: TRUE | R97: TRUE | S97: TRUE | T97: TRUE | U97: TRUE | V97: TRUE | W97: TRUE | X97: FALSE | Y97: FALSE | Z97: FALSE | AA97: FALSE | AB97: TRUE | AC97: TRUE | AD97: TRUE | AE97: TRUE | AF97: TRUE | AG97: TRUE | AH97: FALSE | AI97: FALSE | AJ97: TRUE | AK97: TRUE | AL97: TRUE | AM97: TRUE | AN97: TRUE | AO97: TRUE | AP97: FALSE | AQ97: FALSE | AR97: TRUE | AS97: TRUE | AT97: TRUE | AU97: TRUE | AV97: TRUE | AW97: TRUE | AX97: TRUE | AY97: TRUE | AZ97: TRUE | BA97: TRUE | BB97: TRUE | BC97: TRUE | BD97: FALSE | BE97: FALSE | BF97: TRUE | BG97: TRUE | BH97: TRUE | BI97: TRUE | BJ97: TRUE | BK97: TRUE | BL97: TRUE | BM97: TRUE | BN97: TRUE | BO97: TRUE
A98: =A97&C98 -> JulyGANESHOT HOURS | C98: OT HOURS | E98: =(F98+G98+H98+I98+J98+K98+L98+M98+N98+O98+P98+Q98+R98+S98+T98+U98+V98+W98+X98+Y98+Z98+AA98+AB98+AC98+AD98+AE98+AF98+AG98+AH98+AI98+AJ98+AK98+AL98+AM98+AN98+AO98+AP98+AQ98+AR98+AS98+AT98+AU98+AV98+AW98+AX98+AY98+AZ98+BA98+BB98+BC98+BD98+BE98+BF98+BG98+BH98+BI98+BJ98+BK98+BL98+BM98+BN98+BO98) -> 9 | AL98: 2 | AR98: 1 | AV98: 2 | AX98: 2 | BF98: 2
A99: =B99&D99 -> JulyVASANTHA | B99: July | C99: PR 01 | D99: =IFERROR(VLOOKUP(C99,'Employees List'!$B$2:$C$28,2,0),"") -> VASANTHA | E99: =(F99+G99+H99+I99+J99+K99+L99+M99+N99+O99+P99+Q99+R99+S99+T99+U99+V99+W99+X99+Y99+Z99+AA99+AB99+AC99+AD99+AE99+AF99+AG99+AH99+AI99+AJ99+AK99+AL99+AM99+AN99+AO99+AP99+AQ99+AR99+AS99+AT99+AU99+AV99+AW99+AX99+AY99+AZ99+BA99+BB99+BC99+BD99+BE99+BF99+BG99+BH99+BI99+BJ99+BK99+BL99+BM99+BN99+BO99)/2 -> 26.5 | F99: TRUE | G99: TRUE | H99: TRUE | I99: TRUE | J99: TRUE | K99: TRUE | L99: TRUE | M99: TRUE | N99: TRUE | O99: TRUE | P99: TRUE | Q99: TRUE | R99: TRUE | S99: TRUE | T99: TRUE | U99: TRUE | V99: TRUE | W99: TRUE | X99: TRUE | Y99: TRUE | Z99: TRUE | AA99: FALSE | AB99: TRUE | AC99: TRUE | AD99: TRUE | AE99: TRUE | AF99: TRUE | AG99: TRUE | AH99: TRUE | AI99: TRUE | AJ99: TRUE | AK99: TRUE | AL99: FALSE | AM99: FALSE | AN99: FALSE | AO99: FALSE | AP99: FALSE | AQ99: FALSE | AR99: TRUE | AS99: TRUE | AT99: TRUE | AU99: TRUE | AV99: FALSE | AW99: FALSE | AX99: TRUE | AY99: TRUE | AZ99: TRUE | BA99: TRUE | BB99: TRUE | BC99: TRUE | BD99: TRUE | BE99: TRUE | BF99: TRUE | BG99: TRUE | BH99: TRUE | BI99: TRUE | BJ99: TRUE | BK99: TRUE | BL99: TRUE | BM99: TRUE | BN99: TRUE | BO99: TRUE
A100: =A99&C100 -> JulyVASANTHAOT HOURS | C100: OT HOURS | E100: =(F100+G100+H100+I100+J100+K100+L100+M100+N100+O100+P100+Q100+R100+S100+T100+U100+V100+W100+X100+Y100+Z100+AA100+AB100+AC100+AD100+AE100+AF100+AG100+AH100+AI100+AJ100+AK100+AL100+AM100+AN100+AO100+AP100+AQ100+AR100+AS100+AT100+AU100+AV100+AW100+AX100+AY100+AZ100+BA100+BB100+BC100+BD100+BE100+BF100+BG100+BH100+BI100+BJ100+BK100+BL100+BM100+BN100+BO100) -> 0
...

Sheet Salary Calculation
A1: Salary Slip No | B1: Month | C1: Employee Code | D1: No of Days Name | E1: No of OT Name | F1: Name | G1: SALARY | H1: Date | I1: ESI Number | J1: Account Number | K1: Total Wages 24-25 | L1: Basic Pay | M1: HRA | N1: No Of Days In a Month | O1: No Of Days Present | P1: OT Hours | Q1: Bonus | R1: Advance | S1: Gross Wages | T1: OT Amount | U1: Netpay | V1: ESI | W1: Total Salary
A2: CPIEMP01 | B2: April | C2: AC 01 | D2: =B2&F2 -> AprilBHUVANESWARAN | E2: =D2&$P$1 -> AprilBHUVANESWARANOT Hours | F2: =IFERROR(VLOOKUP(C2,'Employees List'!$B$1:$G$999,2,0),"") -> BHUVANESWARAN | G2: =U2 -> 57900 | H2: 45422 | I2: =IFERROR(VLOOKUP(F2,'Employees List'!$C:$F,2,0),"") | J2: =IFERROR(VLOOKUP(C2,'Employees List'!$B$2:$G$991,5,0),"") -> 500101011548924 | K2: 57000 | L2: =K2*70% -> 39900 | M2: =K2*30% -> 17100 | N2: =IFERROR(VLOOKUP(B2,'Employees List'!$A$2:$H$991,8,0),"") -> 30 | O2: =IFERROR(VLOOKUP(D2,'Daily Attendance Report 24-25'!A1:BP999,5,0),"") -> 30 | P2: =IFERROR(VLOOKUP(E2,'Daily Attendance Report 24-25'!$A$1:$BO$617,5,0),"") -> 0 | Q2: 900 | S2: =K2/N2*O2 -> 57000 | T2: =K2/N2/8*1.5*P2 -> 0 | U2: =S2+T2-R2+Q2 -> 57900 | V2: =W2*0.75% -> 434.25 | W2: =S2+T2+Q2 -> 57900
A3: CPIEMP02 | B3: April | C3: PR 25 | D3: =B3&F3 -> AprilSAGAR | E3: =D3&$P$1 -> AprilSAGAROT Hours | F3: =IFERROR(VLOOKUP(C3,'Employees List'!$B$1:$G$999,2,0),"") -> SAGAR | G3: =U3-V3 -> 105.41667 | H3: 45422 | I3: =IFERROR(VLOOKUP(F3,'Employees List'!$C:$F,2,0),"") | J3: =IFERROR(VLOOKUP(C3,'Employees List'!$B$2:$G$991,5,0),"") | K3: =IFERROR(VLOOKUP(F3,'Employees List'!$C$1:$AB$991,5,0),"") -> 16000 | L3: =K3*70% -> 11200 | M3: =K3*30% -> 4800 | N3: =IFERROR(VLOOKUP(B3,'Employees List'!$A$2:$H$991,8,0),"") -> 30 | O3: =IFERROR(VLOOKUP(D3,'Daily Attendance Report 24-25'!A2:BP999,5,0),"") -> 11 | P3: 23 | R3: 8000 | S3: =K3/N3*O3 -> 5866.6667 | T3: =K3/N3/8*1.5*P3 -> 2300 | U3: =S3+T3-R3+Q3 -> 166.66667 | V3: =W3*0.75% -> 61.25 | W3: =S3+T3+Q3 -> 8166.6667
A4: CPIEMP03 | B4: April | C4: PR 02 | D4: =B4&F4 -> AprilGANESH | E4: =D4&$P$1 -> AprilGANESHOT Hours | F4: =IFERROR(VLOOKUP(C4,'Employees List'!$B$1:$G$999,2,0),"") -> GANESH | G4: =W4-V4-R4 -> 16812.133 | H4: 45422 | I4: =IFERROR(VLOOKUP(F4,'Employees List'!$C:$F,2,0),"") | J4: =IFERROR(VLOOKUP(C4,'Employees List'!$B$2:$G$991,5,0),"") -> 8811010012054879 | K4: =IFERROR(VLOOKUP(F4,'Employees List'!$C$1:$AB$991,5,0),"") -> 17500 | L4: =K4*70% -> 12250 | M4: =K4*30% -> 5250 | N4: =IFERROR(VLOOKUP(B4,'Employees List'!$A$2:$H$991,8,0),"") -> 30 | O4: =IFERROR(VLOOKUP(D4,'Daily Attendance Report 24-25'!A3:BP999,5,0),"") -> 24 | P4: =IFERROR(VLOOKUP(E4,'Daily Attendance Report 24-25'!$A$1:$BO$617,5,0),"") -> 55 | Q4: 450 | R4: 3500 | S4: =K4/N4*O4 -> 14000 | T4: =K4/N4/8*1.5*P4 -> 6015.625 | U4: =S4+T4-R4+Q4 -> 16965.625 | V4: =W4*0.75% -> 153.49219 | W4: =S4+T4+Q4 -> 20465.625
A5: CPIEMP04 | B5: April | C5: PR 01 | D5: =B5&F5 -> AprilVASANTHA | E5: =D5&$P$1 -> AprilVASANTHAOT Hours | F5: =IFERROR(VLOOKUP(C5,'Employees List'!$B$1:$G$999,2,0),"") -> VASANTHA | G5: =U5-V5 -> 11240.062 | H5: 45422 | I5: =IFERROR(VLOOKUP(F5,'Employees List'!$C:$F,2,0),"") | J5: =IFERROR(VLOOKUP(C5,'Employees List'!$B$2:$G$991,5,0),"") -> 8131010000016959 | K5: =IFERROR(VLOOKUP(F5,'Employees List'!$C$1:$AB$991,5,0),"") -> 12000 | L5: =K5*70% -> 8400 | M5: =K5*30% -> 3600 | N5: =IFERROR(VLOOKUP(B5,'Employees List'!$A$2:$H$991,8,0),"") -> 30 | O5: =IFERROR(VLOOKUP(D5,'Daily Attendance Report 24-25'!A4:BP999,5,0),"") -> 21 | P5: 33 | Q5: 450 | S5: =K5/N5*O5 -> 8400 | T5: =K5/N5/8*1.5*P5 -> 2475 | U5: =S5+T5-R5+Q5 -> 11325 | V5: =W5*0.75% -> 84.9375 | W5: =S5+T5+Q5 -> 11325
A6: CPIEMP05 | B6: April | C6: PR 03 | D6: =B6&F6 -> AprilADHIKARI BALIA | E6: =D6&$P$1 -> AprilADHIKARI BALIAOT Hours | F6: =IFERROR(VLOOKUP(C6,'Employees List'!$B$1:$G$999,2,0),"") -> ADHIKARI BALIA | G6: =U6-V6 -> 5183.2279 | H6: 45422 | I6: =IFERROR(VLOOKUP(F6,'Employees List'!$C:$F,2,0),"") | J6: =IFERROR(VLOOKUP(C6,'Employees List'!$B$2:$G$991,5,0),"") -> 8131010000018948 | K6: 9250 | L6: =K6*70% -> 6475 | M6: =K6*30% -> 2775 | N6: =IFERROR(VLOOKUP(B6,'Employees List'!$A$2:$H$991,8,0),"") -> 30 | O6: =IFERROR(VLOOKUP(D6,'Daily Attendance Report 24-25'!A5:BP999,5,0),"") -> 11.5 | P6: =IFERROR(VLOOKUP(E6,'Daily Attendance Report 24-25'!$A$1:$BO$617,5,0),"") -> 29 | S6: =K6/N6*O6 -> 3545.8333 | T6: =K6/N6/8*1.5*P6 -> 1676.5625 | U6: =S6+T6-R6+Q6 -> 5222.3958 | V6: =W6*0.75% -> 39.167969 | W6: =S6+T6+Q6 -> 5222.3958
A7: CPIEMP06 | B7: April | C7: AC 02 | D7: =B7&F7 -> AprilSUNDARI | E7: =D7&$P$1 -> AprilSUNDARIOT Hours | F7: =IFERROR(VLOOKUP(C7,'Employees List'!$B$1:$G$999,2,0),"") -> SUNDARI | G7: =U7-V7 -> 20172.562 | H7: 45422 | I7: =IFERROR(VLOOKUP(F7,'Employees List'!$C:$F,2,0),"") | J7: =IFERROR(VLOOKUP(C7,'Employees List'!$B$2:$G$991,5,0),"") -> 8131010000016977 | K7: =IFERROR(VLOOKUP(F7,'Employees List'!$C$1:$AB$991,5,0),"") -> 18000 | L7: =K7*70% -> 12600 | M7: =K7*30% -> 5400 | N7: =IFERROR(VLOOKUP(B7,'Employees List'!$A$2:$H$991,8,0),"") -> 30 | O7: =IFERROR(VLOOKUP(D7,'Daily Attendance Report 24-25'!A6:BP999,5,0),"") -> 30 | P7: =IFERROR(VLOOKUP(E7,'Daily Attendance Report 24-25'!$A$1:$BO$617,5,0),"") -> 10 | Q7: 1200 | S7: =K7/N7*O7 -> 18000 | T7: =K7/N7/8*1.5*P7 -> 1125 | U7: =S7+T7-R7+Q7 -> 20325 | V7: =W7*0.75% -> 152.4375 | W7: =S7+T7+Q7 -> 20325
A8: CPIEMP07 | B8: April | C8: DR 01 | D8: =B8&F8 -> AprilMathi | E8: =D8&$P$1 -> AprilMathiOT Hours | F8: =IFERROR(VLOOKUP(C8,'Employees List'!$B$1:$G$999,2,0),"") -> Mathi | G8: =U8-V8 -> 27657.667 | H8: 45422 | I8: =IFERROR(VLOOKUP(F8,'Employees List'!$C:$F,2,0),"") | J8: =IFERROR(VLOOKUP(C8,'Employees List'!$B$2:$G$991,5,0),"") -> 8131010000016986 | K8: =IFERROR(VLOOKUP(F8,'Employees List'!$C$1:$AB$991,5,0),"") -> 20000 | L8: =K8*70% -> 14000 | M8: =K8*30% -> 6000 | N8: =IFERROR(VLOOKUP(B8,'Employees List'!$A$2:$H$991,8,0),"") -> 30 | O8: =IFERROR(VLOOKUP(D8,'Daily Attendance Report 24-25'!A7:BP999,5,0),"") -> 28 | P8: =IFERROR(VLOOKUP(E8,'Daily Attendance Report 24-25'!$A$1:$BO$617,5,0),"") -> 70 | Q8: 450 | S8: =K8/N8*O8 -> 18666.667 | T8: =K8/N8/8*1.5*P8 -> 8750 | U8: =S8+T8-R8+Q8 -> 27866.667 | V8: =W8*0.75% -> 209 | W8: =S8+T8+Q8 -> 27866.667
A9: CPIEMP08 | B9: April | C9: PR 26 | D9: =B9&F9 -> AprilCHINMAY PRADHAN | E9: =D9&$P$1 -> AprilCHINMAY PRADHANOT Hours | F9: =IFERROR(VLOOKUP(C9,'Employees List'!$B$1:$G$999,2,0),"") -> CHINMAY PRADHAN | G9: =U9-V9 -> 3928.6458 | H9: 45422 | I9: =IFERROR(VLOOKUP(F9,'Employees List'!$C:$F,2,0),"") | J9: =IFERROR(VLOOKUP(C9,'Employees List'!$B$2:$G$991,5,0),"") | K9: =IFERROR(VLOOKUP(F9,'Employees List'!$C$1:$AB$991,5,0),"") -> 10000 | L9: =K9*70% -> 7000 | M9: =K9*30% -> 3000 | N9: =IFERROR(VLOOKUP(B9,'Employees List'!$A$2:$H$991,8,0),"") -> 30 | O9: =IFERROR(VLOOKUP(D9,'Daily Attendance Report 24-25'!A8:BP999,5,0),"") -> 10 | P9: =IFERROR(VLOOKUP(E9,'Daily Attendance Report 24-25'!$A$1:$BO$617,5,0),"") -> 10 | S9: =K9/N9*O9 -> 3333.3333 | T9: =K9/N9/8*1.5*P9 -> 625 | U9: =S9+T9-R9+Q9 -> 3958.3333 | V9: =W9*0.75% -> 29.6875 | W9: =S9+T9+Q9 -> 3958.3333
A10: CPIEMP09 | B10: April | C10: PR 21 | D10: =B10&F10 -> AprilLIPAN | E10: =D10&$P$1 -> AprilLIPANOT Hours | F10: =IFERROR(VLOOKUP(C10,'Employees List'!$B$1:$G$999,2,0),"") -> LIPAN | G10: =U10-V10 -> 6409.8958 | H10: 45422 | I10: =IFERROR(VLOOKUP(F10,'Employees List'!$C:$F,2,0),"") | J10: =IFERROR(VLOOKUP(C10,'Employees List'!$B$2:$G$991,5,0),"") -> 8131010000018957 | K10: 10000 | L10: =K10*70% -> 7000 | M10: =K10*30% -> 3000 | N10: =IFERROR(VLOOKUP(B10,'Employees List'!$A$2:$H$991,8,0),"") -> 30 | O10: =IFERROR(VLOOKUP(D10,'Daily Attendance Report 24-25'!A9:BP999,5,0),"") -> 11.5 | P10: 42 | S10: =K10/N10*O10 -> 3833.3333 | T10: =K10/N10/8*1.5*P10 -> 2625 | U10: =S10+T10-R10+Q10 -> 6458.3333 | V10: =W10*0.75% -> 48.4375 | W10: =S10+T10+Q10 -> 6458.3333
A11: CPIEMP10 | B11: April | C11: PR 05 | D11: =B11&F11 -> AprilSANJAI BHAGAT | E11: =D11&$P$1 -> AprilSANJAI BHAGATOT Hours | F11: =IFERROR(VLOOKUP(C11,'Employees List'!$B$1:$G$999,2,0),"") -> SANJAI BHAGAT | G11: =U11-V11 -> 6386.6341 | H11: 45422 | I11: =IFERROR(VLOOKUP(F11,'Employees List'!$C:$F,2,0),"") | J11: =IFERROR(VLOOKUP(C11,'Employees List'!$B$2:$G$991,5,0),"") -> 8131010000021225 | K11: 8750 | L11: =K11*70% -> 6125 | M11: =K11*30% -> 2625 | N11: =IFERROR(VLOOKUP(B11,'Employees List'!$A$2:$H$991,8,0),"") -> 30 | O11: =IFERROR(VLOOKUP(D11,'Daily Attendance Report 24-25'!A10:BP999,5,0),"") -> 12.5 | P11: =IFERROR(VLOOKUP(E11,'Daily Attendance Report 24-25'!$A$1:$BO$617,5,0),"") -> 51 | S11: =K11/N11*O11 -> 3645.8333 | T11: =K11/N11/8*1.5*P11 -> 2789.0625 | U11: =S11+T11-R11+Q11 -> 6434.8958 | V11: =W11*0.75% -> 48.261719 | W11: =S11+T11+Q11 -> 6434.8958
A12: CPIEMP11 | B12: May | C12: AC 01 | D12: =B12&F12 -> MayBHUVANESWARAN | E12: =D12&$P$1 -> MayBHUVANESWARANOT Hours | F12: =IFERROR(VLOOKUP(C12,'Employees List'!$B$1:$G$999,2,0),"") -> BHUVANESWARAN | G12: =U12 -> 60900 | H12: 45453 | I12: =IFERROR(VLOOKUP(F12,'Employees List'!$C:$F,2,0),"") | J12: =IFERROR(VLOOKUP(C12,'Employees List'!$B$2:$G$991,5,0),"") -> 500101011548924 | K12: =IFERROR(VLOOKUP(F12,'Employees List'!$C$1:$AB$991,5,0),"") -> 60000 | L12: =K12*70% -> 42000 | M12: =K12*30% -> 18000 | N12: =IFERROR(VLOOKUP(B12,'Employees List'!$A$2:$H$991,8,0),"") -> 31 | O12: 31 | P12: =IFERROR(VLOOKUP(E12,'Daily Attendance Report 24-25'!$A$1:$BO$617,5,0),"") -> 0 | Q12: 900 | S12: =K12/N12*O12 -> 60000 | T12: =K12/N12/8*1.5*P12 -> 0 | U12: =S12+T12-R12+Q12 -> 60900 | V12: =W12*0.75% -> 456.75 | W12: =S12+T12+Q12 -> 60900
A13: CPIEMP12 | B13: May | C13: PR 02 | D13: =B13&F13 -> MayGANESH | E13: =D13&$P$1 -> MayGANESHOT Hours | F13: =IFERROR(VLOOKUP(C13,'Employees List'!$B$1:$G$999,2,0),"") -> GANESH | G13: =U13-V13 -> 11864.14 | H13: 45453 | I13: =IFERROR(VLOOKUP(F13,'Employees List'!$C:$F,2,0),"") | J13: =IFERROR(VLOOKUP(C13,'Employees List'!$B$2:$G$991,5,0),"") -> 8811010012054879 | K13: =IFERROR(VLOOKUP(F13,'Employees List'!$C$1:$AB$991,5,0),"") -> 17500 | L13: =K13*70% -> 12250 | M13: =K13*30% -> 5250 | N13: =IFERROR(VLOOKUP(B13,'Employees List'!$A$2:$H$991,8,0),"") -> 31 | O13: =IFERROR(VLOOKUP(D13,'Daily Attendance Report 24-25'!A12:BP999,5,0),"") -> 21 | P13: =IFERROR(VLOOKUP(E13,'Daily Attendance Report 24-25'!$A$1:$BO$617,5,0),"") -> 30 | Q13: 450 | R13: 3500 | S13: =K13/N13*O13 -> 11854.839 | T13: =K13/N13/8*1.5*P13 -> 3175.4032 | U13: =S13+T13-R13+Q13 -> 11980.242 | V13: =W13*0.75% -> 116.10181 | W13: =S13+T13+Q13 -> 15480.242
A14: CPIEMP13 | B14: May | C14: PR 01 | D14: =B14&F14 -> MayVASANTHA | E14: =D14&$P$1 -> MayVASANTHAOT Hours | F14: =IFERROR(VLOOKUP(C14,'Employees List'!$B$1:$G$999,2,0),"") -> VASANTHA | G14: =U14-V14 -> 12692.794 | H14: 45453 | I14: =IFERROR(VLOOKUP(F14,'Employees List'!$C:$F,2,0),"") | J14: =IFERROR(VLOOKUP(C14,'Employees List'!$B$2:$G$991,5,0),"") -> 8131010000016959 | K14: =IFERROR(VLOOKUP(F14,'Employees List'!$C$1:$AB$991,5,0),"") -> 12000 | L14: =K14*70% -> 8400 | M14: =K14*30% -> 3600 | N14: =IFERROR(VLOOKUP(B14,'Employees List'!$A$2:$H$991,8,0),"") -> 31 | O14: 28.5 | P14: 18 | Q14: 450 | S14: =K14/N14*O14 -> 11032.258 | T14: =K14/N14/8*1.5*P14 -> 1306.4516 | U14: =S14+T14-R14+Q14 -> 12788.71 | V14: =W14*0.75% -> 95.915323 | W14: =S14+T14+Q14 -> 12788.71
A15: CPIEMP14 | B15: May | C15: AC 02 | D15: =B15&F15 -> MaySUNDARI | E15: =D15&$P$1 -> MaySUNDARIOT Hours | F15: =IFERROR(VLOOKUP(C15,'Employees List'!$B$1:$G$999,2,0),"") -> SUNDARI | G15: =U15-V15 -> 19920.435 | H15: 45453 | I15: =IFERROR(VLOOKUP(F15,'Employees List'!$C:$F,2,0),"") | J15: =IFERROR(VLOOKUP(C15,'Employees List'!$B$2:$G$991,5,0),"") -> 8131010000016977 | K15: =IFERROR(VLOOKUP(F15,'Employees List'!$C$1:$AB$991,5,0),"") -> 18000 | L15: =K15*70% -> 12600 | M15: =K15*30% -> 5400 | N15: =IFERROR(VLOOKUP(B15,'Employees List'!$A$2:$H$991,8,0),"") -> 31 | O15: =IFERROR(VLOOKUP(D15,'Daily Attendance Report 24-25'!A14:BP999,5,0),"") -> 31 | P15: 8 | Q15: 1200 | S15: =K15/N15*O15 -> 18000 | T15: =K15/N15/8*1.5*P15 -> 870.96774 | U15: =S15+T15-R15+Q15 -> 20070.968 | V15: =W15*0.75% -> 150.53226 | W15: =S15+T15+Q15 -> 20070.968
A16: CPIEMP15 | B16: May | C16: DR 01 | D16: =B16&F16 -> MayMathi | E16: =D16&$P$1 -> MayMathiOT Hours | F16: =IFERROR(VLOOKUP(C16,'Employees List'!$B$1:$G$999,2,0),"") -> Mathi | G16: =U16-V16 -> 24299.649 | H16: 45453 | I16: =IFERROR(VLOOKUP(F16,'Employees List'!$C:$F,2,0),"") | J16: =IFERROR(VLOOKUP(C16,'Employees List'!$B$2:$G$991,5,0),"") -> 8131010000016986 | K16: =IFERROR(VLOOKUP(F16,'Employees List'!$C$1:$AB$991,5,0),"") -> 20000 | L16: =K16*70% -> 14000 | M16: =K16*30% -> 6000 | N16: =IFERROR(VLOOKUP(B16,'Employees List'!$A$2:$H$991,8,0),"") -> 31 | O16: 31 | P16: 50 | Q16: 450 | R16: 2000 | S16: =K16/N16*O16 -> 20000 | T16: =K16/N16/8*1.5*P16 -> 6048.3871 | U16: =S16+T16-R16+Q16 -> 24498.387 | V16: =W16*0.75% -> 198.7379 | W16: =S16+T16+Q16 -> 26498.387
A17: CPIEMP16 | B17: May | C17: PR 03 | D17: =B17&F17 -> MayADHIKARI BALIA | E17: =D17&$P$1 -> MayADHIKARI BALIAOT Hours | F17: =IFERROR(VLOOKUP(C17,'Employees List'!$B$1:$G$999,2,0),"") -> ADHIKARI BALIA | G17: =U17-V17 -> 12812.855 | H17: 45453 | I17: =IFERROR(VLOOKUP(F17,'Employees List'!$C:$F,2,0),"") | J17: =IFERROR(VLOOKUP(C17,'Employees List'!$B$2:$G$991,5,0),"") -> 8131010000018948 | K17: =IFERROR(VLOOKUP(F17,'Employees List'!$C$1:$AB$991,5,0),"") -> 12000 | L17: =K17*70% -> 8400 | M17: =K17*30% -> 3600 | N17: =IFERROR(VLOOKUP(B17,'Employees List'!$A$2:$H$991,8,0),"") -> 31 | O17: =IFERROR(VLOOKUP(D17,'Daily Attendance Report 24-25'!A16:BP999,5,0),"") -> 18.5 | P17: 73 | Q17: 450 | S17: =K17/N17*O17 -> 7161.2903 | T17: =K17/N17/8*1.5*P17 -> 5298.3871 | U17: =S17+T17-R17+Q17 -> 12909.677 | V17: =W17*0.75% -> 96.822581 | W17: =S17+T17+Q17 -> 12909.677
A18: CPIEMP17 | B18: May | C18: PR 04 | D18: =B18&F18 -> MayRUPESH | E18: =D18&$P$1 -> MayRUPESHOT Hours | F18: =IFERROR(VLOOKUP(C18,'Employees List'!$B$1:$G$999,2,0),"") -> RUPESH | G18: =U18-V18 -> 10293.097 | H18: 45453 | I18: =IFERROR(VLOOKUP(F18,'Employees List'!$C:$F,2,0),"") | J18: =IFERROR(VLOOKUP(C18,'Employees List'!$B$2:$G$991,5,0),"") -> 8131010000020156 | K18: =IFERROR(VLOOKUP(F18,'Employees List'!$C$1:$AB$991,5,0),"") -> 12000 | L18: =K18*70% -> 8400 | M18: =K18*30% -> 3600 | N18: =IFERROR(VLOOKUP(B18,'Employees List'!$A$2:$H$991,8,0),"") -> 31 | O18: =IFERROR(VLOOKUP(D18,'Daily Attendance Report 24-25'!A17:BP999,5,0),"") -> 19 | P18: =IFERROR(VLOOKUP(E18,'Daily Attendance Report 24-25'!$A$1:$BO$617,5,0),"") -> 77 | Q18: 450 | R18: 3000 | S18: =K18/N18*O18 -> 7354.8387 | T18: =K18/N18/8*1.5*P18 -> 5588.7097 | U18: =S18+T18-R18+Q18 -> 10393.548 | V18: =W18*0.75% -> 100.45161 | W18: =S18+T18+Q18 -> 13393.548
A19: CPIEMP18 | B19: May | C19: PR 05 | D19: =B19&F19 -> MaySANJAI BHAGAT | E19: =D19&$P$1 -> MaySANJAI BHAGATOT Hours | F19: =IFERROR(VLOOKUP(C19,'Employees List'!$B$1:$G$999,2,0),"") -> SANJAI BHAGAT | G19: =U19-V19 -> 13437.169 | H19: 45453 | I19: =IFERROR(VLOOKUP(F19,'Employees List'!$C:$F,2,0),"") | J19: =IFERROR(VLOOKUP(C19,'Employees List'!$B$2:$G$991,5,0),"") -> 8131010000021225 | K19: =IFERROR(VLOOKUP(F19,'Employees List'!$C$1:$AB$991,5,0),"") -> 12000 | L19: =K19*70% -> 8400 | M19: =K19*30% -> 3600 | N19: =IFERROR(VLOOKUP(B19,'Employees List'!$A$2:$H$991,8,0),"") -> 31 | O19: =IFERROR(VLOOKUP(D19,'Daily Attendance Report 24-25'!A18:BP999,5,0),"") -> 19 | P19: =IFERROR(VLOOKUP(E19,'Daily Attendance Report 24-25'!$A$1:$BO$617,5,0),"") -> 79 | Q19: 450 | S19: =K19/N19*O19 -> 7354.8387 | T19: =K19/N19/8*1.5*P19 -> 5733.871 | U19: =S19+T19-R19+Q19 -> 13538.71 | V19: =W19*0.75% -> 101.54032 | W19: =S19+T19+Q19 -> 13538.71
A20: CPIEMP19 | B20: June | C20: AC 01 | D20: =B20&F20 -> JuneBHUVANESWARAN | E20: =D20&$P$1 -> JuneBHUVANESWARANOT Hours | F20: =IFERROR(VLOOKUP(C20,'Employees List'!$B$1:$G$999,2,0),"") -> BHUVANESWARAN | G20: =U20 -> 60900 | H20: 45453 | I20: =IFERROR(VLOOKUP(F20,'Employees List'!$C:$F,2,0),"") | J20: =IFERROR(VLOOKUP(C20,'Employees List'!$B$2:$G$991,5,0),"") -> 500101011548924 | K20: =IFERROR(VLOOKUP(F20,'Employees List'!$C$1:$AB$991,5,0),"") -> 60000 | L20: =K20*70% -> 42000 | M20: =K20*30% -> 18000 | N20: =IFERROR(VLOOKUP(B20,'Employees List'!$A$2:$H$991,8,0),"") -> 30 | O20: =IFERROR(VLOOKUP(D20,'Daily Attendance Report 24-25'!A19:BP999,5,0),"") -> 30 | P20: =IFERROR(VLOOKUP(E20,'Daily Attendance Report 24-25'!$A$1:$BO$617,5,0),"") -> 0 | Q20: 900 | S20: =K20/N20*O20 -> 60000 | T20: =K20/N20/8*1.5*P20 -> 0 | U20: =S20+T20-R20+Q20 -> 60900 | V20: =W20*0.75% -> 456.75 | W20: =S20+T20+Q20 -> 60900
A21: CPIEMP20 | B21: June | C21: PR 02 | D21: =B21&F21 -> JuneGANESH | E21: =D21&$P$1 -> JuneGANESHOT Hours | F21: =IFERROR(VLOOKUP(C21,'Employees List'!$B$1:$G$999,2,0),"") -> GANESH | G21: =U21-V21 -> 15712.742 | H21: 45453 | I21: =IFERROR(VLOOKUP(F21,'Employees List'!$C:$F,2,0),"") | J21: =IFERROR(VLOOKUP(C21,'Employees List'!$B$2:$G$991,5,0),"") -> 8811010012054879 | K21: =IFERROR(VLOOKUP(F21,'Employees List'!$C$1:$AB$991,5,0),"") -> 17500 | L21: =K21*70% -> 12250 | M21: =K21*30% -> 5250 | N21: =IFERROR(VLOOKUP(B21,'Employees List'!$A$2:$H$991,8,0),"") -> 30 | O21: =IFERROR(VLOOKUP(D21,'Daily Attendance Report 24-25'!A20:BP999,5,0),"") -> 30 | P21: =IFERROR(VLOOKUP(E21,'Daily Attendance Report 24-25'!$A$1:$BO$617,5,0),"") -> 41 | Q21: 900 | R21: 7000 | S21: =K21/N21*O21 -> 17500 | T21: =K21/N21/8*1.5*P21 -> 4484.375 | U21: =S21+T21-R21+Q21 -> 15884.375 | V21: =W21*0.75% -> 171.63281 | W21: =S21+T21+Q21 -> 22884.375
A22: CPIEMP21 | B22: June | C22: PR 01 | D22: =B22&F22 -> JuneVASANTHA | E22: =D22&$P$1 -> JuneVASANTHAOT Hours | F22: =IFERROR(VLOOKUP(C22,'Employees List'!$B$1:$G$999,2,0),"") -> VASANTHA | G22: =U22-V22 -> 14316.812 | H22: 45453 | I22: =IFERROR(VLOOKUP(F22,'Employees List'!$C:$F,2,0),"") | J22: =IFERROR(VLOOKUP(C22,'Employees List'!$B$2:$G$991,5,0),"") -> 8131010000016959 | K22: =IFERROR(VLOOKUP(F22,'Employees List'!$C$1:$AB$991,5,0),"") -> 12000 | L22: =K22*70% -> 8400 | M22: =K22*30% -> 3600 | N22: =IFERROR(VLOOKUP(B22,'Employees List'!$A$2:$H$991,8,0),"") -> 30 | O22: =IFERROR(VLOOKUP(D22,'Daily Attendance Report 24-25'!A21:BP999,5,0),"") -> 28 | P22: =IFERROR(VLOOKUP(E22,'Daily Attendance Report 24-25'!$A$1:$BO$617,5,0),"") -> 37 | Q22: 450 | S22: =K22/N22*O22 -> 11200 | T22: =K22/N22/8*1.5*P22 -> 2775 | U22: =S22+T22-R22+Q22 -> 14425 | V22: =W22*0.75% -> 108.1875 | W22: =S22+T22+Q22 -> 14425
A23: CPIEMP22 | B23: June | C23: AC 02 | D23: =B23&F23 -> JuneSUNDARI | E23: =D23&$P$1 -> JuneSUNDARIOT Hours | F23: =IFERROR(VLOOKUP(C23,'Employees List'!$B$1:$G$999,2,0),"") -> SUNDARI | G23: =U23-V23 -> 19390.969 | H23: 45483 | I23: =IFERROR(VLOOKUP(F23,'Employees List'!$C:$F,2,0),"") | J23: =IFERROR(VLOOKUP(C23,'Employees List'!$B$2:$G$991,5,0),"") -> 8131010000016977 | K23: =IFERROR(VLOOKUP(F23,'Employees List'!$C$1:$AB$991,5,0),"") -> 18000 | L23: =K23*70% -> 12600 | M23: =K23*30% -> 5400 | N23: =IFERROR(VLOOKUP(B23,'Employees List'!$A$2:$H$991,8,0),"") -> 30 | O23: =IFERROR(VLOOKUP(D23,'Daily Attendance Report 24-25'!A22:BP999,5,0),"") -> 30 | P23: =IFERROR(VLOOKUP(E23,'Daily Attendance Report 24-25'!$A$1:$BO$617,5,0),"") -> 3 | Q23: 1200 | S23: =K23/N23*O23 -> 18000 | T23: =K23/N23/8*1.5*P23 -> 337.5 | U23: =S23+T23-R23+Q23 -> 19537.5 | V23: =W23*0.75% -> 146.53125 | W23: =S23+T23+Q23 -> 19537.5
A24: CPIEMP23 | B24: June | C24: DR 01 | D24: =B24&F24 -> JuneMathi | E24: =D24&$P$1 -> JuneMathiOT Hours | F24: =IFERROR(VLOOKUP(C24,'Employees List'!$B$1:$G$999,2,0),"") -> Mathi | G24: =U24-V24 -> 23552.354 | H24: 45483 | I24: =IFERROR(VLOOKUP(F24,'Employees List'!$C:$F,2,0),"") | J24: =IFERROR(VLOOKUP(C24,'Employees List'!$B$2:$G$991,5,0),"") -> 8131010000016986 | K24: =IFERROR(VLOOKUP(F24,'Employees List'!$C$1:$AB$991,5,0),"") -> 20000 | L24: =K24*70% -> 14000 | M24: =K24*30% -> 6000 | N24: =IFERROR(VLOOKUP(B24,'Employees List'!$A$2:$H$991,8,0),"") -> 30 | O24: =IFERROR(VLOOKUP(D24,'Daily Attendance Report 24-25'!A23:BP999,5,0),"") -> 28 | P24: =IFERROR(VLOOKUP(E24,'Daily Attendance Report 24-25'!$A$1:$BO$617,5,0),"") -> 49 | Q24: 450 | R24: 1500 | S24: =K24/N24*O24 -> 18666.667 | T24: =K24/N24/8*1.5*P24 -> 6125 | U24: =S24+T24-R24+Q24 -> 23741.667 | V24: =W24*0.75% -> 189.3125 | W24: =S24+T24+Q24 -> 25241.667
A25: CPIEMP24 | B25: June | C25: PR 04 | D25: =B25&F25 -> JuneRUPESH | E25: =D25&$P$1 -> JuneRUPESHOT Hours | F25: =IFERROR(VLOOKUP(C25,'Employees List'!$B$1:$G$999,2,0),"") -> RUPESH | G25: =U25-V25 -> 21065.812 | H25: 45483 | I25: =IFERROR(VLOOKUP(F25,'Employees List'!$C:$F,2,0),"") | J25: =IFERROR(VLOOKUP(C25,'Employees List'!$B$2:$G$991,5,0),"") -> 8131010000020156 | K25: =IFERROR(VLOOKUP(F25,'Employees List'!$C$1:$AB$991,5,0),"") -> 12000 | L25: =K25*70% -> 8400 | M25: =K25*30% -> 3600 | N25: =IFERROR(VLOOKUP(B25,'Employees List'!$A$2:$H$991,8,0),"") -> 30 | O25: =IFERROR(VLOOKUP(D25,'Daily Attendance Report 24-25'!A24:BP999,5,0),"") -> 30 | P25: =IFERROR(VLOOKUP(E25,'Daily Attendance Report 24-25'!$A$1:$BO$617,5,0),"") -> 111 | Q25: 900 | S25: =K25/N25*O25 -> 12000 | T25: =K25/N25/8*1.5*P25 -> 8325 | U25: =S25+T25-R25+Q25 -> 21225 | V25: =W25*0.75% -> 159.1875 | W25: =S25+T25+Q25 -> 21225
A26: CPIEMP25 | B26: June | C26: PR 05 | D26: =B26&F26 -> JuneSANJAI BHAGAT | E26: =D26&$P$1 -> JuneSANJAI BHAGATOT Hours | F26: =IFERROR(VLOOKUP(C26,'Employees List'!$B$1:$G$999,2,0),"") -> SANJAI BHAGAT | G26: =U26-V26 -> 22480.125 | H26: 45483 | I26: =IFERROR(VLOOKUP(F26,'Employees List'!$C:$F,2,0),"") | J26: =IFERROR(VLOOKUP(C26,'Employees List'!$B$2:$G$991,5,0),"") -> 8131010000021225 | K26: =IFERROR(VLOOKUP(F26,'Employees List'!$C$1:$AB$991,5,0),"") -> 12000 | L26: =K26*70% -> 8400 | M26: =K26*30% -> 3600 | N26: =IFERROR(VLOOKUP(B26,'Employees List'!$A$2:$H$991,8,0),"") -> 30 | O26: =IFERROR(VLOOKUP(D26,'Daily Attendance Report 24-25'!A25:BP999,5,0),"") -> 30 | P26: =IFERROR(VLOOKUP(E26,'Daily Attendance Report 24-25'!$A$1:$BO$617,5,0),"") -> 130 | Q26: 900 | S26: =K26/N26*O26 -> 12000 | T26: =K26/N26/8*1.5*P26 -> 9750 | U26: =S26+T26-R26+Q26 -> 22650 | V26: =W26*0.75% -> 169.875 | W26: =S26+T26+Q26 -> 22650
A27: CPIEMP26 | B27: June | C27: PR 21 | D27: =B27&F27 -> JuneLIPAN | E27: =D27&$P$1 -> JuneLIPANOT Hours | F27: =IFERROR(VLOOKUP(C27,'Employees List'!$B$1:$G$999,2,0),"") -> LIPAN | G27: =U27-V27 -> 6476.0625 | H27: 45483 | I27: =IFERROR(VLOOKUP(F27,'Employees List'!$C:$F,2,0),"") | J27: =IFERROR(VLOOKUP(C27,'Employees List'!$B$2:$G$991,5,0),"") -> 8131010000018957 | K27: =IFERROR(VLOOKUP(F27,'Employees List'!$C$1:$AB$991,5,0),"") -> 12000 | L27: =K27*70% -> 8400 | M27: =K27*30% -> 3600 | N27: =IFERROR(VLOOKUP(B27,'Employees List'!$A$2:$H$991,8,0),"") -> 30 | O27: =IFERROR(VLOOKUP(D27,'Daily Attendance Report 24-25'!A26:BP999,5,0),"") -> 11 | P27: =IFERROR(VLOOKUP(E27,'Daily Attendance Report 24-25'!$A$1:$BO$617,5,0),"") -> 27 | Q27: 100 | S27: =K27/N27*O27 -> 4400 | T27: =K27/N27/8*1.5*P27 -> 2025 | U27: =S27+T27-R27+Q27 -> 6525 | V27: =W27*0.75% -> 48.9375 | W27: =S27+T27+Q27 -> 6525
A28: CPIEMP27 | B28: June | C28: PR 03 | D28: =B28&F28 -> JuneADHIKARI BALIA | E28: =D28&$P$1 -> JuneADHIKARI BALIAOT Hours | F28: =IFERROR(VLOOKUP(C28,'Employees List'!$B$1:$G$999,2,0),"") -> ADHIKARI BALIA | G28: =U28-V28 -> 19949.25 | H28: 45483 | I28: =IFERROR(VLOOKUP(F28,'Employees List'!$C:$F,2,0),"") | J28: =IFERROR(VLOOKUP(C28,'Employees List'!$B$2:$G$991,5,0),"") -> 8131010000018948 | K28: =IFERROR(VLOOKUP(F28,'Employees List'!$C$1:$AB$991,5,0),"") -> 12000 | L28: =K28*70% -> 8400 | M28: =K28*30% -> 3600 | N28: =IFERROR(VLOOKUP(B28,'Employees List'!$A$2:$H$991,8,0),"") -> 30 | O28: =IFERROR(VLOOKUP(D28,'Daily Attendance Report 24-25'!A27:BP999,5,0),"") -> 30 | P28: =IFERROR(VLOOKUP(E28,'Daily Attendance Report 24-25'!$A$1:$BO$617,5,0),"") -> 96 | Q28: 900 | S28: =K28/N28*O28 -> 12000 | T28: =K28/N28/8*1.5*P28 -> 7200 | U28: =S28+T28-R28+Q28 -> 20100 | V28: =W28*0.75% -> 150.75 | W28: =S28+T28+Q28 -> 20100
A29: CPIEMP28 | B29: July | C29: AC 01 | D29: =B29&F29 -> JulyBHUVANESWARAN | E29: =D29&$P$1 -> JulyBHUVANESWARANOT Hours | F29: =IFERROR(VLOOKUP(C29,'Employees List'!$B$1:$G$999,2,0),"") -> BHUVANESWARAN | G29: =U29 -> 60900 | H29: 45483 | I29: =IFERROR(VLOOKUP(F29,'Employees List'!$C:$F,2,0),"") | J29: =IFERROR(VLOOKUP(C29,'Employees List'!$B$2:$G$991,5,0),"") -> 500101011548924 | K29: =IFERROR(VLOOKUP(F29,'Employees List'!$C$1:$AB$991,5,0),"") -> 60000 | L29: =K29*70% -> 42000 | M29: =K29*30% -> 18000 | N29: =IFERROR(VLOOKUP(B29,'Employees List'!$A$2:$H$991,8,0),"") -> 31 | O29: =IFERROR(VLOOKUP(D29,'Daily Attendance Report 24-25'!A28:BP999,5,0),"") -> 31 | P29: =IFERROR(VLOOKUP(E29,'Daily Attendance Report 24-25'!$A$1:$BO$617,5,0),"") -> 0 | Q29: 900 | S29: =K29/N29*O29 -> 60000 | T29: =K29/N29/8*1.5*P29 -> 0 | U29: =S29+T29-R29+Q29 -> 60900 | V29: =W29*0.75% -> 456.75 | W29: =S29+T29+Q29 -> 60900
A30: CPIEMP29 | B30: July | C30: PR 02 | D30: =B30&F30 -> JulyGANESH | E30: =D30&$P$1 -> JulyGANESHOT Hours | F30: =IFERROR(VLOOKUP(C30,'Employees List'!$B$1:$G$999,2,0),"") -> GANESH | G30: =U30-V30 -> 12679.299 | H30: 45483 | I30: =IFERROR(VLOOKUP(F30,'Employees List'!$C:$F,2,0),"") | J30: =IFERROR(VLOOKUP(C30,'Employees List'!$B$2:$G$991,5,0),"") -> 8811010012054879 | K30: =IFERROR(VLOOKUP(F30,'Employees List'!$C$1:$AB$991,5,0),"") -> 17500 | L30: =K30*70% -> 12250 | M30: =K30*30% -> 5250 | N30: =IFERROR(VLOOKUP(B30,'Employees List'!$A$2:$H$991,8,0),"") -> 31 | O30: =IFERROR(VLOOKUP(D30,'Daily Attendance Report 24-25'!A29:BP999,5,0),"") -> 25.5 | P30: =IFERROR(VLOOKUP(E30,'Daily Attendance Report 24-25'!$A$1:$BO$617,5,0),"") -> 9 | Q30: 450 | R30: 3000 | S30: =K30/N30*O30 -> 14395.161 | T30: =K30/N30/8*1.5*P30 -> 952.62097 | U30: =S30+T30-R30+Q30 -> 12797.782 | V30: =W30*0.75% -> 118.48337 | W30: =S30+T30+Q30 -> 15797.782
A31: CPIEMP30 | B31: July | C31: PR 01 | D31: =B31&F31 -> JulyVASANTHA | E31: =D31&$P$1 -> JulyVASANTHAOT Hours | F31: =IFERROR(VLOOKUP(C31,'Employees List'!$B$1:$G$999,2,0),"") -> VASANTHA | G31: =U31-V31 -> 10627.754 | H31: 45514 | I31: =IFERROR(VLOOKUP(F31,'Employees List'!$C:$F,2,0),"") | J31: =IFERROR(VLOOKUP(C31,'Employees List'!$B$2:$G$991,5,0),"") -> 8131010000016959 | K31: =IFERROR(VLOOKUP(F31,'Employees List'!$C$1:$AB$991,5,0),"") -> 12000 | L31: =K31*70% -> 8400 | M31: =K31*30% -> 3600 | N31: =IFERROR(VLOOKUP(B31,'Employees List'!$A$2:$H$991,8,0),"") -> 31 | O31: =IFERROR(VLOOKUP(D31,'Daily Attendance Report 24-25'!A30:BP999,5,0),"") -> 26.5 | P31: =IFERROR(VLOOKUP(E31,'Daily Attendance Report 24-25'!$A$1:$BO$617,5,0),"") -> 0 | Q31: 450 | S31: =K31/N31*O31 -> 10258.065 | T31: =K31/N31/8*1.5*P31 -> 0 | U31: =S31+T31-R31+Q31 -> 10708.065 | V31: =W31*0.75% -> 80.310484 | W31: =S31+T31+Q31 -> 10708.065
A32: CPIEMP31 | B32: July | C32: AC 02 | D32: =B32&F32 -> JulySUNDARI | E32: =D32&$P$1 -> JulySUNDARIOT Hours | F32: =IFERROR(VLOOKUP(C32,'Employees List'!$B$1:$G$999,2,0),"") -> SUNDARI | G32: =U32-V32 -> 20136.544 | H32: 45514 | I32: =IFERROR(VLOOKUP(F32,'Employees List'!$C:$F,2,0),"") | J32: =IFERROR(VLOOKUP(C32,'Employees List'!$B$2:$G$991,5,0),"") -> 8131010000016977 | K32: =IFERROR(VLOOKUP(F32,'Employees List'!$C$1:$AB$991,5,0),"") -> 18000 | L32: =K32*70% -> 12600 | M32: =K32*30% -> 5400 | N32: =IFERROR(VLOOKUP(B32,'Employees List'!$A$2:$H$991,8,0),"") -> 31 | O32: =IFERROR(VLOOKUP(D32,'Daily Attendance Report 24-25'!A31:BP999,5,0),"") -> 31 | P32: =IFERROR(VLOOKUP(E32,'Daily Attendance Report 24-25'!$A$1:$BO$617,5,0),"") -> 10 | Q32: 1200 | S32: =K32/N32*O32 -> 18000 | T32: =K32/N32/8*1.5*P32 -> 1088.7097 | U32: =S32+T32-R32+Q32 -> 20288.71 | V32: =W32*0.75% -> 152.16532 | W32: =S32+T32+Q32 -> 20288.71
A33: CPIEMP32 | B33: July | C33: PR 03 | D33: =B33&F33 -> JulyADHIKARI BALIA | E33: =D33&$P$1 -> JulyADHIKARI BALIAOT Hours | F33: =IFERROR(VLOOKUP(C33,'Employees List'!$B$1:$G$999,2,0),"") -> ADHIKARI BALIA | G33: =U33-V33 -> 15214.065 | H33: 45514 | I33: =IFERROR(VLOOKUP(F33,'Employees List'!$C:$F,2,0),"") | J33: =IFERROR(VLOOKUP(C33,'Employees List'!$B$2:$G$991,5,0),"") -> 8131010000018948 | K33: =IFERROR(VLOOKUP(F33,'Employees List'!$C$1:$AB$991,5,0),"") -> 12000 | L33: =K33*70% -> 8400 | M33: =K33*30% -> 3600 | N33: =IFERROR(VLOOKUP(B33,'Employees List'!$A$2:$H$991,8,0),"") -> 31 | O33: =IFERROR(VLOOKUP(D33,'Daily Attendance Report 24-25'!A32:BP999,5,0),"") -> 30 | P33: =IFERROR(VLOOKUP(E33,'Daily Attendance Report 24-25'!$A$1:$BO$617,5,0),"") -> 45 | Q33: 450 | S33: =K33/N33*O33 -> 11612.903 | T33: =K33/N33/8*1.5*P33 -> 3266.129 | U33: =S33+T33-R33+Q33 -> 15329.032 | V33: =W33*0.75% -> 114.96774 | W33: =S33+T33+Q33 -> 15329.032
A34: CPIEMP33 | B34: July | C34: DR 01 | D34: =B34&F34 -> JulyMathi | E34: =D34&$P$1 -> JulyMathiOT Hours | F34: =IFERROR(VLOOKUP(C34,'Employees List'!$B$1:$G$999,2,0),"") -> Mathi | G34: =U34-V34 -> 22058.52 | H34: 45514 | I34: =IFERROR(VLOOKUP(F34,'Employees List'!$C:$F,2,0),"") | J34: =IFERROR(VLOOKUP(C34,'Employees List'!$B$2:$G$991,5,0),"") -> 8131010000016986 | K34: =IFERROR(VLOOKUP(F34,'Employees List'!$C$1:$AB$991,5,0),"") -> 20000 | L34: =K34*70% -> 14000 | M34: =K34*30% -> 6000 | N34: =IFERROR(VLOOKUP(B34,'Employees List'!$A$2:$H$991,8,0),"") -> 31 | O34: =IFERROR(VLOOKUP(D34,'Daily Attendance Report 24-25'!A33:BP999,5,0),"") -> 26 | P34: =IFERROR(VLOOKUP(E34,'Daily Attendance Report 24-25'!$A$1:$BO$617,5,0),"") -> 58 | Q34: 450 | R34: 2000 | S34: =K34/N34*O34 -> 16774.194 | T34: =K34/N34/8*1.5*P34 -> 7016.129 | U34: =S34+T34-R34+Q34 -> 22240.323 | V34: =W34*0.75% -> 181.80242 | W34: =S34+T34+Q34 -> 24240.323
A35: CPIEMP34 | B35: July | C35: PR 04 | D35: =B35&F35 -> JulyRUPESH | E35: =D35&$P$1 -> JulyRUPESHOT Hours | F35: =IFERROR(VLOOKUP(C35,'Employees List'!$B$1:$G$999,2,0),"") -> RUPESH | G35: =U35-V35 -> 15684.702 | H35: 45514 | I35: =IFERROR(VLOOKUP(F35,'Employees List'!$C:$F,2,0),"") | J35: =IFERROR(VLOOKUP(C35,'Employees List'!$B$2:$G$991,5,0),"") -> 8131010000020156 | K35: =IFERROR(VLOOKUP(F35,'Employees List'!$C$1:$AB$991,5,0),"") -> 12000 | L35: =K35*70% -> 8400 | M35: =K35*30% -> 3600 | N35: =IFERROR(VLOOKUP(B35,'Employees List'!$A$2:$H$991,8,0),"") -> 31 | O35: =IFERROR(VLOOKUP(D35,'Daily Attendance Report 24-25'!A34:BP999,5,0),"") -> 31 | P35: =IFERROR(VLOOKUP(E35,'Daily Attendance Report 24-25'!$A$1:$BO$617,5,0),"") -> 40 | Q35: 900 | S35: =K35/N35*O35 -> 12000 | T35: =K35/N35/8*1.5*P35 -> 2903.2258 | U35: =S35+T35-R35+Q35 -> 15803.226 | V35: =W35*0.75% -> 118.52419 | W35: =S35+T35+Q35 -> 15803.226
A36: CPIEMP35 | B36: July | C36: PR 05 | D36: =B36&F36 -> JulySANJAI BHAGAT | E36: =D36&$P$1 -> JulySANJAI BHAGATOT Hours | F36: =IFERROR(VLOOKUP(C36,'Employees List'!$B$1:$G$999,2,0),"") -> SANJAI BHAGAT | G36: =U36-V36 -> 19718.734 | H36: 45514 | I36: =IFERROR(VLOOKUP(F36,'Employees List'!$C:$F,2,0),"") | J36: =IFERROR(VLOOKUP(C36,'Employees List'!$B$2:$G$991,5,0),"") -> 8131010000021225 | K36: =IFERROR(VLOOKUP(F36,'Employees List'!$C$1:$AB$991,5,0),"") -> 12000 | L36: =K36*70% -> 8400 | M36: =K36*30% -> 3600 | N36: =IFERROR(VLOOKUP(B36,'Employees List'!$A$2:$H$991,8,0),"") -> 31 | O36: =IFERROR(VLOOKUP(D36,'Daily Attendance Report 24-25'!A35:BP999,5,0),"") -> 31 | P36: =IFERROR(VLOOKUP(E36,'Daily Attendance Report 24-25'!$A$1:$BO$617,5,0),"") -> 96 | Q36: 900 | S36: =K36/N36*O36 -> 12000 | T36: =K36/N36/8*1.5*P36 -> 6967.7419 | U36: =S36+T36-R36+Q36 -> 19867.742 | V36: =W36*0.75% -> 149.00806 | W36: =S36+T36+Q36 -> 19867.742
A37: CPIEMP36 | B37: July | C37: PR 21 | D37: =B37&F37 -> JulyLIPAN | E37: =D37&$P$1 -> JulyLIPANOT Hours | F37: =IFERROR(VLOOKUP(C37,'Employees List'!$B$1:$G$999,2,0),"") -> LIPAN | G37: =U37-V37 -> 16726.827 | H37: 45514 | I37: =IFERROR(VLOOKUP(F37,'Employees List'!$C:$F,2,0),"") | J37: =IFERROR(VLOOKUP(C37,'Employees List'!$B$2:$G$991,5,0),"") -> 8131010000018957 | K37: =IFERROR(VLOOKUP(F37,'Employees List'!$C$1:$AB$991,5,0),"") -> 12000 | L37: =K37*70% -> 8400 | M37: =K37*30% -> 3600 | N37: =IFERROR(VLOOKUP(B37,'Employees List'!$A$2:$H$991,8,0),"") -> 31 | O37: =IFERROR(VLOOKUP(D37,'Daily Attendance Report 24-25'!A36:BP999,5,0),"") -> 30 | P37: =IFERROR(VLOOKUP(E37,'Daily Attendance Report 24-25'!$A$1:$BO$617,5,0),"") -> 66 | Q37: 450 | S37: =K37/N37*O37 -> 11612.903 | T37: =K37/N37/8*1.5*P37 -> 4790.3226 | U37: =S37+T37-R37+Q37 -> 16853.226 | V37: =W37*0.75% -> 126.39919 | W37: =S37+T37+Q37 -> 16853.226
A38: CPIEMP37 | B38: July | C38: PR 20 | D38: =B38&F38 -> JulyJAGABANDH | E38: =D38&$P$1 -> JulyJAGABANDHOT Hours | F38: =IFERROR(VLOOKUP(C38,'Employees List'!$B$1:$G$999,2,0),"") -> JAGABANDH | G38: =U38-V38 -> 13981.355 | H38: 45514 | I38: =IFERROR(VLOOKUP(F38,'Employees List'!$C:$F,2,0),"") | J38: =IFERROR(VLOOKUP(C38,'Employees List'!$B$2:$G$991,5,0),"") -> 8131010000018920 | K38: =IFERROR(VLOOKUP(F38,'Employees List'!$C$1:$AB$991,5,0),"") -> 12000 | L38: =K38*70% -> 8400 | M38: =K38*30% -> 3600 | N38: =IFERROR(VLOOKUP(B38,'Employees List'!$A$2:$H$991,8,0),"") -> 31 | O38: =IFERROR(VLOOKUP(D38,'Daily Attendance Report 24-25'!A37:BP999,5,0),"") -> 31 | P38: =IFERROR(VLOOKUP(E38,'Daily Attendance Report 24-25'!$A$1:$BO$617,5,0),"") -> 58 | Q38: 900 | R38: 3000 | S38: =K38/N38*O38 -> 12000 | T38: =K38/N38/8*1.5*P38 -> 4209.6774 | U38: =S38+T38-R38+Q38 -> 14109.677 | V38: =W38*0.75% -> 128.32258 | W38: =S38+T38+Q38 -> 17109.677
A39: CPIEMP38 | B39: August | C39: AC 01 | D39: =B39&F39 -> AugustBHUVANESWARAN | E39: =D39&$P$1 -> AugustBHUVANESWARANOT Hours | F39: =IFERROR(VLOOKUP(C39,'Employees List'!$B$1:$G$999,2,0),"") -> BHUVANESWARAN | G39: =U39 -> 60900 | H39: 45514 | I39: =IFERROR(VLOOKUP(F39,'Employees List'!$C:$F,2,0),"") | J39: =IFERROR(VLOOKUP(C39,'Employees List'!$B$2:$G$991,5,0),"") -> 500101011548924 | K39: =IFERROR(VLOOKUP(F39,'Employees List'!$C$1:$AB$991,5,0),"") -> 60000 | L39: =K39*70% -> 42000 | M39: =K39*30% -> 18000 | N39: =IFERROR(VLOOKUP(B39,'Employees List'!$A$2:$H$991,8,0),"") -> 31 | O39: =IFERROR(VLOOKUP(D39,'Daily Attendance Report 24-25'!A38:BP999,5,0),"") -> 31 | P39: =IFERROR(VLOOKUP(E39,'Daily Attendance Report 24-25'!$A$1:$BO$617,5,0),"") -> 0 | Q39: 900 | S39: =K39/N39*O39 -> 60000 | T39: =K39/N39/8*1.5*P39 -> 0 | U39: =S39+T39-R39+Q39 -> 60900 | V39: =W39*0.75% -> 456.75 | W39: =S39+T39+Q39 -> 60900
A40: CPIEMP39 | B40: August | C40: PR 02 | D40: =B40&F40 -> AugustGANESH | E40: =D40&$P$1 -> AugustGANESHOT Hours | F40: =IFERROR(VLOOKUP(C40,'Employees List'!$B$1:$G$999,2,0),"") -> GANESH | G40: =U40-V40 -> 14780.357 | H40: 45514 | I40: =IFERROR(VLOOKUP(F40,'Employees List'!$C:$F,2,0),"") | J40: =IFERROR(VLOOKUP(C40,'Employees List'!$B$2:$G$991,5,0),"") -> 8811010012054879 | K40: =IFERROR(VLOOKUP(F40,'Employees List'!$C$1:$AB$991,5,0),"") -> 17500 | L40: =K40*70% -> 12250 | M40: =K40*30% -> 5250 | N40: =IFERROR(VLOOKUP(B40,'Employees List'!$A$2:$H$991,8,0),"") -> 31 | O40: =IFERROR(VLOOKUP(D40,'Daily Attendance Report 24-25'!A39:BP999,5,0),"") -> 30 | P40: =IFERROR(VLOOKUP(E40,'Daily Attendance Report 24-25'!$A$1:$BO$617,5,0),"") -> 5 | Q40: 450 | R40: 3000 | S40: =K40/N40*O40 -> 16935.484 | T40: =K40/N40/8*1.5*P40 -> 529.23387 | U40: =S40+T40-R40+Q40 -> 14914.718 | V40: =W40*0.75% -> 134.36038 | W40: =S40+T40+Q40 -> 17914.718
A41: CPIEMP40 | B41: August | C41: PR 01 | D41: =B41&F41 -> AugustVASANTHA | E41: =D41&$P$1 -> AugustVASANTHAOT Hours | F41: =IFERROR(VLOOKUP(C41,'Employees List'!$B$1:$G$999,2,0),"") -> VASANTHA | G41: =U41-V41 -> 11972.431 | H41: 45514 | I41: =IFERROR(VLOOKUP(F41,'Employees List'!$C:$F,2,0),"") | J41: =IFERROR(VLOOKUP(C41,'Employees List'!$B$2:$G$991,5,0),"") -> 8131010000016959 | K41: =IFERROR(VLOOKUP(F41,'Employees List'!$C$1:$AB$991,5,0),"") -> 12000 | L41: =K41*70% -> 8400 | M41: =K41*30% -> 3600 | N41: =IFERROR(VLOOKUP(B41,'Employees List'!$A$2:$H$991,8,0),"") -> 31 | O41: =IFERROR(VLOOKUP(D41,'Daily Attendance Report 24-25'!A40:BP999,5,0),"") -> 30 | P41: =IFERROR(VLOOKUP(E41,'Daily Attendance Report 24-25'!$A$1:$BO$617,5,0),"") -> 0 | Q41: 450 | S41: =K41/N41*O41 -> 11612.903 | T41: =K41/N41/8*1.5*P41 -> 0 | U41: =S41+T41-R41+Q41 -> 12062.903 | V41: =W41*0.75% -> 90.471774 | W41: =S41+T41+Q41 -> 12062.903
A42: CPIEMP41 | B42: August | C42: AC 02 | D42: =B42&F42 -> AugustSUNDARI | E42: =D42&$P$1 -> AugustSUNDARIOT Hours | F42: =IFERROR(VLOOKUP(C42,'Employees List'!$B$1:$G$999,2,0),"") -> SUNDARI | G42: =U42-V42 -> 19488.218 | H42: 45545 | I42: =IFERROR(VLOOKUP(F42,'Employees List'!$C:$F,2,0),"") | J42: =IFERROR(VLOOKUP(C42,'Employees List'!$B$2:$G$991,5,0),"") -> 8131010000016977 | K42: =IFERROR(VLOOKUP(F42,'Employees List'!$C$1:$AB$991,5,0),"") -> 18000 | L42: =K42*70% -> 12600 | M42: =K42*30% -> 5400 | N42: =IFERROR(VLOOKUP(B42,'Employees List'!$A$2:$H$991,8,0),"") -> 31 | O42: =IFERROR(VLOOKUP(D42,'Daily Attendance Report 24-25'!A41:BP999,5,0),"") -> 31 | P42: =IFERROR(VLOOKUP(E42,'Daily Attendance Report 24-25'!$A$1:$BO$617,5,0),"") -> 4 | Q42: 1200 | S42: =K42/N42*O42 -> 18000 | T42: =K42/N42/8*1.5*P42 -> 435.48387 | U42: =S42+T42-R42+Q42 -> 19635.484 | V42: =W42*0.75% -> 147.26613 | W42: =S42+T42+Q42 -> 19635.484
A43: CPIEMP42 | B43: August | C43: PR 03 | D43: =B43&F43 -> AugustADHIKARI BALIA | E43: =D43&$P$1 -> AugustADHIKARI BALIAOT Hours | F43: =IFERROR(VLOOKUP(C43,'Employees List'!$B$1:$G$999,2,0),"") -> ADHIKARI BALIA | G43: =U43-V43 -> 11812.855 | H43: 45545 | I43: =IFERROR(VLOOKUP(F43,'Employees List'!$C:$F,2,0),"") | J43: =IFERROR(VLOOKUP(C43,'Employees List'!$B$2:$G$991,5,0),"") -> 8131010000018948 | K43: =IFERROR(VLOOKUP(F43,'Employees List'!$C$1:$AB$991,5,0),"") -> 12000 | L43: =K43*70% -> 8400 | M43: =K43*30% -> 3600 | N43: =IFERROR(VLOOKUP(B43,'Employees List'!$A$2:$H$991,8,0),"") -> 31 | O43: =IFERROR(VLOOKUP(D43,'Daily Attendance Report 24-25'!A42:BP999,5,0),"") -> 29 | P43: =IFERROR(VLOOKUP(E43,'Daily Attendance Report 24-25'!$A$1:$BO$617,5,0),"") -> 17 | Q43: 450 | R43: 1000 | S43: =K43/N43*O43 -> 11225.806 | T43: =K43/N43/8*1.5*P43 -> 1233.871 | U43: =S43+T43-R43+Q43 -> 11909.677 | V43: =W43*0.75% -> 96.822581 | W43: =S43+T43+Q43 -> 12909.677
A44: CPIEMP43 | B44: August | C44: DR 01 | D44: =B44&F44 -> AugustMathi | E44: =D44&$P$1 -> AugustMathiOT Hours | F44: =IFERROR(VLOOKUP(C44,'Employees List'!$B$1:$G$999,2,0),"") -> Mathi | G44: =U44-V44 -> 8773.3387 | H44: 45545 | I44: =IFERROR(VLOOKUP(F44,'Employees List'!$C:$F,2,0),"") | J44: =IFERROR(VLOOKUP(C44,'Employees List'!$B$2:$G$991,5,0),"") -> 8131010000016986 | K44: =IFERROR(VLOOKUP(F44,'Employees List'!$C$1:$AB$991,5,0),"") -> 20000 | L44: =K44*70% -> 14000 | M44: =K44*30% -> 6000 | N44: =IFERROR(VLOOKUP(B44,'Employees List'!$A$2:$H$991,8,0),"") -> 31 | O44: =IFERROR(VLOOKUP(D44,'Daily Attendance Report 24-25'!A43:BP999,5,0),"") -> 16.5 | P44: =IFERROR(VLOOKUP(E44,'Daily Attendance Report 24-25'!$A$1:$BO$617,5,0),"") -> 23 | Q44: 450 | R44: 5000 | S44: =K44/N44*O44 -> 10645.161 | T44: =K44/N44/8*1.5*P44 -> 2782.2581 | U44: =S44+T44-R44+Q44 -> 8877.4194 | V44: =W44*0.75% -> 104.08065 | W44: =S44+T44+Q44 -> 13877.419
A45: CPIEMP44 | B45: August | C45: PR 04 | D45: =B45&F45 -> AugustRUPESH | E45: =D45&$P$1 -> AugustRUPESHOT Hours | F45: =IFERROR(VLOOKUP(C45,'Employees List'!$B$1:$G$999,2,0),"") -> RUPESH | G45: =U45-V45 -> 11388.048 | H45: 45545 | I45: =IFERROR(VLOOKUP(F45,'Employees List'!$C:$F,2,0),"") | J45: =IFERROR(VLOOKUP(C45,'Employees List'!$B$2:$G$991,5,0),"") -> 8131010000020156 | K45: =IFERROR(VLOOKUP(F45,'Employees List'!$C$1:$AB$991,5,0),"") -> 12000 | L45: =K45*70% -> 8400 | M45: =K45*30% -> 3600 | N45: =IFERROR(VLOOKUP(B45,'Employees List'!$A$2:$H$991,8,0),"") -> 31 | O45: =IFERROR(VLOOKUP(D45,'Daily Attendance Report 24-25'!A44:BP999,5,0),"") -> 31 | P45: =IFERROR(VLOOKUP(E45,'Daily Attendance Report 24-25'!$A$1:$BO$617,5,0),"") -> 22 | Q45: 900 | R45: 3000 | S45: =K45/N45*O45 -> 12000 | T45: =K45/N45/8*1.5*P45 -> 1596.7742 | U45: =S45+T45-R45+Q45 -> 11496.774 | V45: =W45*0.75% -> 108.72581 | W45: =S45+T45+Q45 -> 14496.774
A46: CPIEMP45 | B46: August | C46: PR 05 | D46: =B46&F46 -> AugustSANJAI BHAGAT | E46: =D46&$P$1 -> AugustSANJAI BHAGATOT Hours | F46: =IFERROR(VLOOKUP(C46,'Employees List'!$B$1:$G$999,2,0),"") -> SANJAI BHAGAT | G46: =U46-V46 -> 14733.823 | H46: 45545 | I46: =IFERROR(VLOOKUP(F46,'Employees List'!$C:$F,2,0),"") | J46: =IFERROR(VLOOKUP(C46,'Employees List'!$B$2:$G$991,5,0),"") -> 8131010000021225 | K46: =IFERROR(VLOOKUP(F46,'Employees List'!$C$1:$AB$991,5,0),"") -> 12000 | L46: =K46*70% -> 8400 | M46: =K46*30% -> 3600 | N46: =IFERROR(VLOOKUP(B46,'Employees List'!$A$2:$H$991,8,0),"") -> 31 | O46: =IFERROR(VLOOKUP(D46,'Daily Attendance Report 24-25'!A45:BP999,5,0),"") -> 28 | P46: =IFERROR(VLOOKUP(E46,'Daily Attendance Report 24-25'!$A$1:$BO$617,5,0),"") -> 49 | Q46: 450 | S46: =K46/N46*O46 -> 10838.71 | T46: =K46/N46/8*1.5*P46 -> 3556.4516 | U46: =S46+T46-R46+Q46 -> 14845.161 | V46: =W46*0.75% -> 111.33871 | W46: =S46+T46+Q46 -> 14845.161
A47: CPIEMP46 | B47: August | C47: PR 21 | D47: =B47&F47 -> AugustLIPAN | E47: =D47&$P$1 -> AugustLIPANOT Hours | F47: =IFERROR(VLOOKUP(C47,'Employees List'!$B$1:$G$999,2,0),"") -> LIPAN | G47: =U47-V47 -> 15972.847 | H47: 45545 | I47: =IFERROR(VLOOKUP(F47,'Employees List'!$C:$F,2,0),"") | J47: =IFERROR(VLOOKUP(C47,'Employees List'!$B$2:$G$991,5,0),"") -> 8131010000018957 | K47: =IFERROR(VLOOKUP(F47,'Employees List'!$C$1:$AB$991,5,0),"") -> 12000 | L47: =K47*70% -> 8400 | M47: =K47*30% -> 3600 | N47: =IFERROR(VLOOKUP(B47,'Employees List'!$A$2:$H$991,8,0),"") -> 31 | O47: =IFERROR(VLOOKUP(D47,'Daily Attendance Report 24-25'!A46:BP999,5,0),"") -> 31 | P47: =IFERROR(VLOOKUP(E47,'Daily Attendance Report 24-25'!$A$1:$BO$617,5,0),"") -> 44 | Q47: 900 | S47: =K47/N47*O47 -> 12000 | T47: =K47/N47/8*1.5*P47 -> 3193.5484 | U47: =S47+T47-R47+Q47 -> 16093.548 | V47: =W47*0.75% -> 120.70161 | W47: =S47+T47+Q47 -> 16093.548
A48: CPIEMP47 | B48: August | C48: PR 20 | D48: =B48&F48 -> AugustJAGABANDH | E48: =D48&$P$1 -> AugustJAGABANDHOT Hours | F48: =IFERROR(VLOOKUP(C48,'Employees List'!$B$1:$G$999,2,0),"") -> JAGABANDH | G48: =U48-V48 -> 14676.194 | H48: 45545 | I48: =IFERROR(VLOOKUP(F48,'Employees List'!$C:$F,2,0),"") | J48: =IFERROR(VLOOKUP(C48,'Employees List'!$B$2:$G$991,5,0),"") -> 8131010000018920 | K48: =IFERROR(VLOOKUP(F48,'Employees List'!$C$1:$AB$991,5,0),"") -> 12000 | L48: =K48*70% -> 8400 | M48: =K48*30% -> 3600 | N48: =IFERROR(VLOOKUP(B48,'Employees List'!$A$2:$H$991,8,0),"") -> 31 | O48: =IFERROR(VLOOKUP(D48,'Daily Attendance Report 24-25'!A47:BP999,5,0),"") -> 31 | P48: =IFERROR(VLOOKUP(E48,'Daily Attendance Report 24-25'!$A$1:$BO$617,5,0),"") -> 26 | Q48: 900 | S48: =K48/N48*O48 -> 12000 | T48: =K48/N48/8*1.5*P48 -> 1887.0968 | U48: =S48+T48-R48+Q48 -> 14787.097 | V48: =W48*0.75% -> 110.90323 | W48: =S48+T48+Q48 -> 14787.097
A49: CPIEMP48 | B49: August | C49: AC 03 | D49: =B49&F49 -> AugustLEELA | E49: =D49&$P$1 -> AugustLEELAOT Hours | F49: =IFERROR(VLOOKUP(C49,'Employees List'!$B$1:$G$999,2,0),"") -> LEELA | G49: =U49-V49 -> 12516.706 | H49: 45545 | I49: =IFERROR(VLOOKUP(F49,'Employees List'!$C:$F,2,0),"") | J49: =IFERROR(VLOOKUP(C49,'Employees List'!$B$2:$G$991,5,0),"") -> 8387010000017745 | K49: =IFERROR(VLOOKUP(F49,'Employees List'!$C$1:$AB$991,5,0),"") -> 13000 | L49: =K49*70% -> 9100 | M49: =K49*30% -> 3900 | N49: =IFERROR(VLOOKUP(B49,'Employees List'!$A$2:$H$991,8,0),"") -> 31 | O49: =IFERROR(VLOOKUP(D49,'Daily Attendance Report 24-25'!A48:BP999,5,0),"") -> 29 | P49: =IFERROR(VLOOKUP(E49,'Daily Attendance Report 24-25'!$A$1:$BO$617,5,0),"") -> 0 | Q49: 450 | S49: =K49/N49*O49 -> 12161.29 | T49: =K49/N49/8*1.5*P49 -> 0 | U49: =S49+T49-R49+Q49 -> 12611.29 | V49: =W49*0.75% -> 94.584677 | W49: =S49+T49+Q49 -> 12611.29
A50: CPIEMP49 | B50: August | C50: PR 08 | D50: =B50&F50 -> AugustREVATHI S | E50: =D50&$P$1 -> AugustREVATHI SOT Hours | F50: =IFERROR(VLOOKUP(C50,'Employees List'!$B$1:$G$999,2,0),"") -> REVATHI S | G50: =U50-V50 -> 5681.7661 | H50: 45545 | I50: =IFERROR(VLOOKUP(F50,'Employees List'!$C:$F,2,0),"") | J50: =IFERROR(VLOOKUP(C50,'Employees List'!$B$2:$G$991,5,0),"") -> 8131010000016995 | K50: =IFERROR(VLOOKUP(F50,'Employees List'!$C$1:$AB$991,5,0),"") -> 9500 | L50: =K50*70% -> 6650 | M50: =K50*30% -> 2850 | N50: =IFERROR(VLOOKUP(B50,'Employees List'!$A$2:$H$991,8,0),"") -> 31 | O50: =IFERROR(VLOOKUP(D50,'Daily Attendance Report 24-25'!A49:BP999,5,0),"") -> 20.5 | P50: =IFERROR(VLOOKUP(E50,'Daily Attendance Report 24-25'!$A$1:$BO$617,5,0),"") -> 0 | Q50: 450 | R50: 1000 | S50: =K50/N50*O50 -> 6282.2581 | T50: =K50/N50/8*1.5*P50 -> 0 | U50: =S50+T50-R50+Q50 -> 5732.2581 | V50: =W50*0.75% -> 50.491935 | W50: =S50+T50+Q50 -> 6732.2581
A51: CPIEMP50 | B51: August | C51: PR 19 | D51: =B51&F51 -> AugustSIDHESHWAR | E51: =D51&$P$1 -> AugustSIDHESHWAROT Hours | F51: =IFERROR(VLOOKUP(C51,'Employees List'!$B$1:$G$999,2,0),"") -> SIDHESHWAR | G51: =U51-V51 -> 11418.552 | H51: 45545 | I51: =IFERROR(VLOOKUP(F51,'Employees List'!$C:$F,2,0),"") | J51: =IFERROR(VLOOKUP(C51,'Employees List'!$B$2:$G$991,5,0),"") -> 8131010000018939 | K51: 10000 | L51: =K51*70% -> 7000 | M51: =K51*30% -> 3000 | N51: =IFERROR(VLOOKUP(B51,'Employees List'!$A$2:$H$991,8,0),"") -> 31 | O51: =IFERROR(VLOOKUP(D51,'Daily Attendance Report 24-25'!A50:BP999,5,0),"") -> 31 | P51: =IFERROR(VLOOKUP(E51,'Daily Attendance Report 24-25'!$A$1:$BO$617,5,0),"") -> 10 | Q51: 900 | S51: =K51/N51*O51 -> 10000 | T51: =K51/N51/8*1.5*P51 -> 604.83871 | U51: =S51+T51-R51+Q51 -> 11504.839 | V51: =W51*0.75% -> 86.28629 | W51: =S51+T51+Q51 -> 11504.839
A52: CPIEMP51 | B52: August | C52: PR 18 | D52: =B52&F52 -> AugustNAROTTAM | E52: =D52&$P$1 -> AugustNAROTTAMOT Hours | F52: =IFERROR(VLOOKUP(C52,'Employees List'!$B$1:$G$999,2,0),"") -> NAROTTAM | G52: =U52-V52 -> 10496.192 | H52: 45575 | I52: =IFERROR(VLOOKUP(F52,'Employees List'!$C:$F,2,0),"") | J52: =IFERROR(VLOOKUP(C52,'Employees List'!$B$2:$G$991,5,0),"") | K52: =IFERROR(VLOOKUP(F52,'Employees List'!$C$1:$AB$991,5,0),"") -> 11000 | L52: =K52*70% -> 7700 | M52: =K52*30% -> 3300 | N52: =IFERROR(VLOOKUP(B52,'Employees List'!$A$2:$H$991,8,0),"") -> 31 | O52: =IFERROR(VLOOKUP(D52,'Daily Attendance Report 24-25'!A51:BP999,5,0),"") -> 29.5 | P52: =IFERROR(VLOOKUP(E52,'Daily Attendance Report 24-25'!$A$1:$BO$617,5,0),"") -> 10 | Q52: 450 | R52: 1000 | S52: =K52/N52*O52 -> 10467.742 | T52: =K52/N52/8*1.5*P52 -> 665.32258 | U52: =S52+T52-R52+Q52 -> 10583.065 | V52: =W52*0.75% -> 86.872984 | W52: =S52+T52+Q52 -> 11583.065
A53: CPIEMP52 | B53: August | C53: PR 07 | D53: =B53&F53 -> AugustAMMU | E53: =D53&$P$1 -> AugustAMMUOT Hours | F53: =IFERROR(VLOOKUP(C53,'Employees List'!$B$1:$G$999,2,0),"") -> AMMU | G53: =U53-V53 -> 9571.2218 | H53: 45575 | I53: =IFERROR(VLOOKUP(F53,'Employees List'!$C:$F,2,0),"") | J53: =IFERROR(VLOOKUP(C53,'Employees List'!$B$2:$G$991,5,0),"") -> 65801000040238 | K53: =IFERROR(VLOOKUP(F53,'Employees List'!$C$1:$AB$991,5,0),"") -> 9500 | L53: =K53*70% -> 6650 | M53: =K53*30% -> 2850 | N53: =IFERROR(VLOOKUP(B53,'Employees List'!$A$2:$H$991,8,0),"") -> 31 | O53: =IFERROR(VLOOKUP(D53,'Daily Attendance Report 24-25'!A52:BP999,5,0),"") -> 30 | P53: =IFERROR(VLOOKUP(E53,'Daily Attendance Report 24-25'!$A$1:$BO$617,5,0),"") -> 0 | Q53: 450 | S53: =K53/N53*O53 -> 9193.5484 | T53: =K53/N53/8*1.5*P53 -> 0 | U53: =S53+T53-R53+Q53 -> 9643.5484 | V53: =W53*0.75% -> 72.326613 | W53: =S53+T53+Q53 -> 9643.5484
A54: CPIEMP53 | B54: September | C54: AC 01 | D54: =B54&F54 -> SeptemberBHUVANESWARAN | E54: =D54&$P$1 -> SeptemberBHUVANESWARANOT Hours | F54: =IFERROR(VLOOKUP(C54,'Employees List'!$B$1:$G$999,2,0),"") -> BHUVANESWARAN | G54: =U54 -> 60900 | H54: 45575 | I54: =IFERROR(VLOOKUP(F54,'Employees List'!$C:$F,2,0),"") | J54: =IFERROR(VLOOKUP(C54,'Employees List'!$B$2:$G$991,5,0),"") -> 500101011548924 | K54: =IFERROR(VLOOKUP(F54,'Employees List'!$C$1:$AB$991,5,0),"") -> 60000 | L54: =K54*70% -> 42000 | M54: =K54*30% -> 18000 | N54: =IFERROR(VLOOKUP(B54,'Employees List'!$A$2:$H$991,8,0),"") -> 30 | O54: =IFERROR(VLOOKUP(D54,'Daily Attendance Report 24-25'!A53:BP999,5,0),"") -> 30 | P54: =IFERROR(VLOOKUP(E54,'Daily Attendance Report 24-25'!$A$1:$BO$617,5,0),"") -> 0 | Q54: 900 | S54: =K54/N54*O54 -> 60000 | T54: =K54/N54/8*1.5*P54 -> 0 | U54: =S54+T54-R54+Q54 -> 60900 | V54: =W54*0.75% -> 456.75 | W54: =S54+T54+Q54 -> 60900
A55: CPIEMP54 | B55: September | C55: PR 01 | D55: =B55&F55 -> SeptemberVASANTHA | E55: =D55&$P$1 -> SeptemberVASANTHAOT Hours | F55: =IFERROR(VLOOKUP(C55,'Employees List'!$B$1:$G$999,2,0),"") -> VASANTHA | G55: =U55-V55 -> 12356.625 | H55: 45575 | I55: =IFERROR(VLOOKUP(F55,'Employees List'!$C:$F,2,0),"") | J55: =IFERROR(VLOOKUP(C55,'Employees List'!$B$2:$G$991,5,0),"") -> 8131010000016959 | K55: =IFERROR(VLOOKUP(F55,'Employees List'!$C$1:$AB$991,5,0),"") -> 12000 | L55: =K55*70% -> 8400 | M55: =K55*30% -> 3600 | N55: =IFERROR(VLOOKUP(B55,'Employees List'!$A$2:$H$991,8,0),"") -> 30 | O55: =IFERROR(VLOOKUP(D55,'Daily Attendance Report 24-25'!A54:BP999,5,0),"") -> 27 | P55: =IFERROR(VLOOKUP(E55,'Daily Attendance Report 24-25'!$A$1:$BO$617,5,0),"") -> 16 | Q55: 450 | S55: =K55/N55*O55 -> 10800 | T55: =K55/N55/8*1.5*P55 -> 1200 | U55: =S55+T55-R55+Q55 -> 12450 | V55: =W55*0.75% -> 93.375 | W55: =S55+T55+Q55 -> 12450
A56: CPIEMP55 | B56: September | C56: PR 02 | D56: =B56&F56 -> SeptemberGANESH | E56: =D56&$P$1 -> SeptemberGANESHOT Hours | F56: =IFERROR(VLOOKUP(C56,'Employees List'!$B$1:$G$999,2,0),"") -> GANESH | G56: =U56-V56 -> 13407.51 | H56: 45575 | I56: =IFERROR(VLOOKUP(F56,'Employees List'!$C:$F,2,0),"") | J56: =IFERROR(VLOOKUP(C56,'Employees List'!$B$2:$G$991,5,0),"") -> 8811010012054879 | K56: =IFERROR(VLOOKUP(F56,'Employees List'!$C$1:$AB$991,5,0),"") -> 17500 | L56: =K56*70% -> 12250 | M56: =K56*30% -> 5250 | N56: =IFERROR(VLOOKUP(B56,'Employees List'!$A$2:$H$991,8,0),"") -> 30 | O56: =IFERROR(VLOOKUP(D56,'Daily Attendance Report 24-25'!A55:BP999,5,0),"") -> 24.5 | P56: =IFERROR(VLOOKUP(E56,'Daily Attendance Report 24-25'!$A$1:$BO$617,5,0),"") -> 44 | Q56: 450 | R56: 6000 | S56: =K56/N56*O56 -> 14291.667 | T56: =K56/N56/8*1.5*P56 -> 4812.5 | U56: =S56+T56-R56+Q56 -> 13554.167 | V56: =W56*0.75% -> 146.65625 | W56: =S56+T56+Q56 -> 19554.167
A57: CPIEMP56 | B57: September | C57: AC 02 | D57: =B57&F57 -> SeptemberSUNDARI | E57: =D57&$P$1 -> SeptemberSUNDARIOT Hours | F57: =IFERROR(VLOOKUP(C57,'Employees List'!$B$1:$G$999,2,0),"") -> SUNDARI | G57: =U57-V57 -> 19279.312 | H57: 45575 | I57: =IFERROR(VLOOKUP(F57,'Employees List'!$C:$F,2,0),"") | J57: =IFERROR(VLOOKUP(C57,'Employees List'!$B$2:$G$991,5,0),"") -> 8131010000016977 | K57: =IFERROR(VLOOKUP(F57,'Employees List'!$C$1:$AB$991,5,0),"") -> 18000 | L57: =K57*70% -> 12600 | M57: =K57*30% -> 5400 | N57: =IFERROR(VLOOKUP(B57,'Employees List'!$A$2:$H$991,8,0),"") -> 30 | O57: =IFERROR(VLOOKUP(D57,'Daily Attendance Report 24-25'!A56:BP999,5,0),"") -> 30 | P57: =IFERROR(VLOOKUP(E57,'Daily Attendance Report 24-25'!$A$1:$BO$617,5,0),"") -> 2 | Q57: 1200 | S57: =K57/N57*O57 -> 18000 | T57: =K57/N57/8*1.5*P57 -> 225 | U57: =S57+T57-R57+Q57 -> 19425 | V57: =W57*0.75% -> 145.6875 | W57: =S57+T57+Q57 -> 19425
A58: CPIEMP57 | B58: September | C58: PR 03 | D58: =B58&F58 -> SeptemberADHIKARI BALIA | E58: =D58&$P$1 -> SeptemberADHIKARI BALIAOT Hours | F58: =IFERROR(VLOOKUP(C58,'Employees List'!$B$1:$G$999,2,0),"") -> ADHIKARI BALIA | G58: =U58-V58 -> 17046.188 | H58: 45575 | I58: =IFERROR(VLOOKUP(F58,'Employees List'!$C:$F,2,0),"") | J58: =IFERROR(VLOOKUP(C58,'Employees List'!$B$2:$G$991,5,0),"") -> 8131010000018948 | K58: =IFERROR(VLOOKUP(F58,'Employees List'!$C$1:$AB$991,5,0),"") -> 12000 | L58: =K58*70% -> 8400 | M58: =K58*30% -> 3600 | N58: =IFERROR(VLOOKUP(B58,'Employees List'!$A$2:$H$991,8,0),"") -> 30 | O58: =IFERROR(VLOOKUP(D58,'Daily Attendance Report 24-25'!A57:BP999,5,0),"") -> 30 | P58: =IFERROR(VLOOKUP(E58,'Daily Attendance Report 24-25'!$A$1:$BO$617,5,0),"") -> 57 | Q58: 900 | S58: =K58/N58*O58 -> 12000 | T58: =K58/N58/8*1.5*P58 -> 4275 | U58: =S58+T58-R58+Q58 -> 17175 | V58: =W58*0.75% -> 128.8125 | W58: =S58+T58+Q58 -> 17175
A59: CPIEMP58 | B59: September | C59: DR 01 | D59: =B59&F59 -> SeptemberMathi | E59: =D59&$P$1 -> SeptemberMathiOT Hours | F59: =IFERROR(VLOOKUP(C59,'Employees List'!$B$1:$G$999,2,0),"") -> Mathi | G59: =U59-V59 -> 24702.771 | H59: 45575 | I59: =IFERROR(VLOOKUP(F59,'Employees List'!$C:$F,2,0),"") | J59: =IFERROR(VLOOKUP(C59,'Employees List'!$B$2:$G$991,5,0),"") -> 8131010000016986 | K59: =IFERROR(VLOOKUP(F59,'Employees List'!$C$1:$AB$991,5,0),"") -> 20000 | L59: =K59*70% -> 14000 | M59: =K59*30% -> 6000 | N59: =IFERROR(VLOOKUP(B59,'Employees List'!$A$2:$H$991,8,0),"") -> 30 | O59: =IFERROR(VLOOKUP(D59,'Daily Attendance Report 24-25'!A58:BP999,5,0),"") -> 29 | P59: =IFERROR(VLOOKUP(E59,'Daily Attendance Report 24-25'!$A$1:$BO$617,5,0),"") -> 61 | Q59: 450 | R59: 2500 | S59: =K59/N59*O59 -> 19333.333 | T59: =K59/N59/8*1.5*P59 -> 7625 | U59: =S59+T59-R59+Q59 -> 24908.333 | V59: =W59*0.75% -> 205.5625 | W59: =S59+T59+Q59 -> 27408.333
A60: CPIEMP59 | B60: September | C60: PR 04 | D60: =B60&F60 -> SeptemberRUPESH | E60: =D60&$P$1 -> SeptemberRUPESHOT Hours | F60: =IFERROR(VLOOKUP(C60,'Employees List'!$B$1:$G$999,2,0),"") -> RUPESH | G60: =U60-V60 -> 15904.812 | H60: 45575 | I60: =IFERROR(VLOOKUP(F60,'Employees List'!$C:$F,2,0),"") | J60: =IFERROR(VLOOKUP(C60,'Employees List'!$B$2:$G$991,5,0),"") -> 8131010000020156 | K60: =IFERROR(VLOOKUP(F60,'Employees List'!$C$1:$AB$991,5,0),"") -> 12000 | L60: =K60*70% -> 8400 | M60: =K60*30% -> 3600 | N60: =IFERROR(VLOOKUP(B60,'Employees List'!$A$2:$H$991,8,0),"") -> 30 | O60: =IFERROR(VLOOKUP(D60,'Daily Attendance Report 24-25'!A59:BP999,5,0),"") -> 29 | P60: =IFERROR(VLOOKUP(E60,'Daily Attendance Report 24-25'!$A$1:$BO$617,5,0),"") -> 53 | Q60: 450 | S60: =K60/N60*O60 -> 11600 | T60: =K60/N60/8*1.5*P60 -> 3975 | U60: =S60+T60-R60+Q60 -> 16025 | V60: =W60*0.75% -> 120.1875 | W60: =S60+T60+Q60 -> 16025
A61: CPIEMP60 | B61: September | C61: PR 05 | D61: =B61&F61 -> SeptemberSANJAI BHAGAT | E61: =D61&$P$1 -> SeptemberSANJAI BHAGATOT Hours | F61: =IFERROR(VLOOKUP(C61,'Employees List'!$B$1:$G$999,2,0),"") -> SANJAI BHAGAT | G61: =U61-V61 -> 20321.438 | H61: 45575 | I61: =IFERROR(VLOOKUP(F61,'Employees List'!$C:$F,2,0),"") | J61: =IFERROR(VLOOKUP(C61,'Employees List'!$B$2:$G$991,5,0),"") -> 8131010000021225 | K61: =IFERROR(VLOOKUP(F61,'Employees List'!$C$1:$AB$991,5,0),"") -> 12000 | L61: =K61*70% -> 8400 | M61: =K61*30% -> 3600 | N61: =IFERROR(VLOOKUP(B61,'Employees List'!$A$2:$H$991,8,0),"") -> 30 | O61: =IFERROR(VLOOKUP(D61,'Daily Attendance Report 24-25'!A60:BP999,5,0),"") -> 30 | P61: =IFERROR(VLOOKUP(E61,'Daily Attendance Report 24-25'!$A$1:$BO$617,5,0),"") -> 101 | Q61: 900 | S61: =K61/N61*O61 -> 12000 | T61: =K61/N61/8*1.5*P61 -> 7575 | U61: =S61+T61-R61+Q61 -> 20475 | V61: =W61*0.75% -> 153.5625 | W61: =S61+T61+Q61 -> 20475
A62: CPIEMP61 | B62: September | C62: PR 21 | D62: =B62&F62 -> SeptemberLIPAN | E62: =D62&$P$1 -> SeptemberLIPANOT Hours | F62: =IFERROR(VLOOKUP(C62,'Employees List'!$B$1:$G$999,2,0),"") -> LIPAN | G62: =U62-V62 -> 15880 | H62: 45575 | I62: =IFERROR(VLOOKUP(F62,'Employees List'!$C:$F,2,0),"") | J62: =IFERROR(VLOOKUP(C62,'Employees List'!$B$2:$G$991,5,0),"") -> 8131010000018957 | K62: =IFERROR(VLOOKUP(F62,'Employees List'!$C$1:$AB$991,5,0),"") -> 12000 | L62: =K62*70% -> 8400 | M62: =K62*30% -> 3600 | N62: =IFERROR(VLOOKUP(B62,'Employees List'!$A$2:$H$991,8,0),"") -> 30 | O62: =IFERROR(VLOOKUP(D62,'Daily Attendance Report 24-25'!A61:BP999,5,0),"") -> 28 | P62: =IFERROR(VLOOKUP(E62,'Daily Attendance Report 24-25'!$A$1:$BO$617,5,0),"") -> 58 | Q62: 450 | S62: =K62/N62*O62 -> 11200 | T62: =K62/N62/8*1.5*P62 -> 4350 | U62: =S62+T62-R62+Q62 -> 16000 | V62: =W62*0.75% -> 120 | W62: =S62+T62+Q62 -> 16000
A63: CPIEMP62 | B63: September | C63: PR 20 | D63: =B63&F63 -> SeptemberJAGABANDH | E63: =D63&$P$1 -> SeptemberJAGABANDHOT Hours | F63: =IFERROR(VLOOKUP(C63,'Employees List'!$B$1:$G$999,2,0),"") -> JAGABANDH | G63: =U63-V63 -> 15830.375 | H63: 45575 | I63: =IFERROR(VLOOKUP(F63,'Employees List'!$C:$F,2,0),"") | J63: =IFERROR(VLOOKUP(C63,'Employees List'!$B$2:$G$991,5,0),"") -> 8131010000018920 | K63: =IFERROR(VLOOKUP(F63,'Employees List'!$C$1:$AB$991,5,0),"") -> 12000 | L63: =K63*70% -> 8400 | M63: =K63*30% -> 3600 | N63: =IFERROR(VLOOKUP(B63,'Employees List'!$A$2:$H$991,8,0),"") -> 30 | O63: =IFERROR(VLOOKUP(D63,'Daily Attendance Report 24-25'!A62:BP999,5,0),"") -> 29 | P63: =IFERROR(VLOOKUP(E63,'Daily Attendance Report 24-25'!$A$1:$BO$617,5,0),"") -> 52 | Q63: 450 | S63: =K63/N63*O63 -> 11600 | T63: =K63/N63/8*1.5*P63 -> 3900 | U63: =S63+T63-R63+Q63 -> 15950 | V63: =W63*0.75% -> 119.625 | W63: =S63+T63+Q63 -> 15950
A64: CPIEMP63 | B64: September | C64: AC 03 | D64: =B64&F64 -> SeptemberLEELA | E64: =D64&$P$1 -> SeptemberLEELAOT Hours | F64: =IFERROR(VLOOKUP(C64,'Employees List'!$B$1:$G$999,2,0),"") -> LEELA | G64: =U64-V64 -> 13957.031 | H64: 45575 | I64: =IFERROR(VLOOKUP(F64,'Employees List'!$C:$F,2,0),"") | J64: =IFERROR(VLOOKUP(C64,'Employees List'!$B$2:$G$991,5,0),"") -> 8387010000017745 | K64: =IFERROR(VLOOKUP(F64,'Employees List'!$C$1:$AB$991,5,0),"") -> 13000 | L64: =K64*70% -> 9100 | M64: =K64*30% -> 3900 | N64: =IFERROR(VLOOKUP(B64,'Employees List'!$A$2:$H$991,8,0),"") -> 30 | O64: =IFERROR(VLOOKUP(D64,'Daily Attendance Report 24-25'!A63:BP999,5,0),"") -> 30 | P64: =IFERROR(VLOOKUP(E64,'Daily Attendance Report 24-25'!$A$1:$BO$617,5,0),"") -> 2 | Q64: 900 | S64: =K64/N64*O64 -> 13000 | T64: =K64/N64/8*1.5*P64 -> 162.5 | U64: =S64+T64-R64+Q64 -> 14062.5 | V64: =W64*0.75% -> 105.46875 | W64: =S64+T64+Q64 -> 14062.5
A65: CPIEMP64 | B65: September | C65: PR 08 | D65: =B65&F65 -> SeptemberREVATHI S | E65: =D65&$P$1 -> SeptemberREVATHI SOT Hours | F65: =IFERROR(VLOOKUP(C65,'Employees List'!$B$1:$G$999,2,0),"") -> REVATHI S | G65: =U65-V65 -> 7796.8021 | H65: 45575 | I65: =IFERROR(VLOOKUP(F65,'Employees List'!$C:$F,2,0),"") | J65: =IFERROR(VLOOKUP(C65,'Employees List'!$B$2:$G$991,5,0),"") -> 8131010000016995 | K65: =IFERROR(VLOOKUP(F65,'Employees List'!$C$1:$AB$991,5,0),"") -> 9500 | L65: =K65*70% -> 6650 | M65: =K65*30% -> 2850 | N65: =IFERROR(VLOOKUP(B65,'Employees List'!$A$2:$H$991,8,0),"") -> 30 | O65: =IFERROR(VLOOKUP(D65,'Daily Attendance Report 24-25'!A64:BP999,5,0),"") -> 26 | P65: =IFERROR(VLOOKUP(E65,'Daily Attendance Report 24-25'!$A$1:$BO$617,5,0),"") -> 20 | Q65: 450 | R65: 2000 | S65: =K65/N65*O65 -> 8233.3333 | T65: =K65/N65/8*1.5*P65 -> 1187.5 | U65: =S65+T65-R65+Q65 -> 7870.8333 | V65: =W65*0.75% -> 74.03125 | W65: =S65+T65+Q65 -> 9870.8333
A66: CPIEMP65 | B66: September | C66: PR 19 | D66: =B66&F66 -> SeptemberSIDHESHWAR | E66: =D66&$P$1 -> SeptemberSIDHESHWAROT Hours | F66: =IFERROR(VLOOKUP(C66,'Employees List'!$B$1:$G$999,2,0),"") -> SIDHESHWAR | G66: =U66-V66 -> 11736.312 | H66: 45606 | I66: =IFERROR(VLOOKUP(F66,'Employees List'!$C:$F,2,0),"") | J66: =IFERROR(VLOOKUP(C66,'Employees List'!$B$2:$G$991,5,0),"") -> 8131010000018939 | K66: 10000 | L66: =K66*70% -> 7000 | M66: =K66*30% -> 3000 | N66: =IFERROR(VLOOKUP(B66,'Employees List'!$A$2:$H$991,8,0),"") -> 30 | O66: =IFERROR(VLOOKUP(D66,'Daily Attendance Report 24-25'!A65:BP999,5,0),"") -> 27 | P66: =IFERROR(VLOOKUP(E66,'Daily Attendance Report 24-25'!$A$1:$BO$617,5,0),"") -> 38 | Q66: 450 | S66: =K66/N66*O66 -> 9000 | T66: =K66/N66/8*1.5*P66 -> 2375 | U66: =S66+T66-R66+Q66 -> 11825 | V66: =W66*0.75% -> 88.6875 | W66: =S66+T66+Q66 -> 11825
A67: CPIEMP66 | B67: September | C67: PR 07 | D67: =B67&F67 -> SeptemberAMMU | E67: =D67&$P$1 -> SeptemberAMMUOT Hours | F67: =IFERROR(VLOOKUP(C67,'Employees List'!$B$1:$G$999,2,0),"") -> AMMU | G67: =W67-V67 -> 11618.453 | H67: 45606 | I67: =IFERROR(VLOOKUP(F67,'Employees List'!$C:$F,2,0),"") | J67: =IFERROR(VLOOKUP(C67,'Employees List'!$B$2:$G$991,5,0),"") -> 65801000040238 | K67: =IFERROR(VLOOKUP(F67,'Employees List'!$C$1:$AB$991,5,0),"") -> 9500 | L67: =K67*70% -> 6650 | M67: =K67*30% -> 2850 | N67: =IFERROR(VLOOKUP(B67,'Employees List'!$A$2:$H$991,8,0),"") -> 30 | O67: =IFERROR(VLOOKUP(D67,'Daily Attendance Report 24-25'!A66:BP999,5,0),"") -> 30 | P67: =IFERROR(VLOOKUP(E67,'Daily Attendance Report 24-25'!$A$1:$BO$617,5,0),"") -> 22 | Q67: 900 | S67: =K67/N67*O67 -> 9500 | T67: =K67/N67/8*1.5*P67 -> 1306.25 | U67: =S67+T67-R67+Q67 -> 11706.25 | V67: =W67*0.75% -> 87.796875 | W67: =S67+T67+Q67 -> 11706.25
A68: CPIEMP67 | B68: September | C68: PR 18 | D68: =B68&F68 -> SeptemberNAROTTAM | E68: =D68&$P$1 -> SeptemberNAROTTAMOT Hours | F68: =IFERROR(VLOOKUP(C68,'Employees List'!$B$1:$G$999,2,0),"") -> NAROTTAM | G68: =W68-V68-R68 -> 7338.2969 | H68: 45606 | I68: =IFERROR(VLOOKUP(F68,'Employees List'!$C:$F,2,0),"") | J68: =IFERROR(VLOOKUP(C68,'Employees List'!$B$2:$G$991,5,0),"") | K68: =IFERROR(VLOOKUP(F68,'Employees List'!$C$1:$AB$991,5,0),"") -> 11000 | L68: =K68*70% -> 7700 | M68: =K68*30% -> 3300 | N68: =IFERROR(VLOOKUP(B68,'Employees List'!$A$2:$H$991,8,0),"") -> 30 | O68: =IFERROR(VLOOKUP(D68,'Daily Attendance Report 24-25'!A67:BP999,5,0),"") -> 16.5 | P68: =IFERROR(VLOOKUP(E68,'Daily Attendance Report 24-25'!$A$1:$BO$617,5,0),"") -> 13 | Q68: 450 | S68: =K68/N68*O68 -> 6050 | T68: =K68/N68/8*1.5*P68 -> 893.75 | U68: =S68+T68-R68+Q68 -> 7393.75 | V68: =W68*0.75% -> 55.453125 | W68: =S68+T68+Q68 -> 7393.75
A69: CPIEMP68 | B69: October | C69: AC 01 | D69: =B69&F69 -> OctoberBHUVANESWARAN | E69: =D69&$P$1 -> OctoberBHUVANESWARANOT Hours | F69: =IFERROR(VLOOKUP(C69,'Employees List'!$B$1:$G$999,2,0),"") -> BHUVANESWARAN | G69: =W69 -> 60900 | H69: 45606 | I69: =IFERROR(VLOOKUP(F69,'Employees List'!$C:$F,2,0),"") | J69: =IFERROR(VLOOKUP(C69,'Employees List'!$B$2:$G$991,5,0),"") -> 500101011548924 | K69: =IFERROR(VLOOKUP(F69,'Employees List'!$C$1:$AB$991,5,0),"") -> 60000 | L69: =K69*70% -> 42000 | M69: =K69*30% -> 18000 | N69: =IFERROR(VLOOKUP(B69,'Employees List'!$A$2:$H$991,8,0),"") -> 31 | O69: =IFERROR(VLOOKUP(D69,'Daily Attendance Report 24-25'!A68:BP999,5,0),"") -> 31 | P69: =IFERROR(VLOOKUP(E69,'Daily Attendance Report 24-25'!$A$1:$BO$617,5,0),"") -> 0 | Q69: 900 | S69: =K69/N69*O69 -> 60000 | T69: =K69/N69/8*1.5*P69 -> 0 | U69: =S69+T69-R69+Q69 -> 60900 | V69: =W69*0.75% -> 456.75 | W69: =S69+T69+Q69 -> 60900
A70: CPIEMP69 | B70: October | C70: PR 02 | D70: =B70&F70 -> OctoberGANESH | E70: =D70&$P$1 -> OctoberGANESHOT Hours | F70: =IFERROR(VLOOKUP(C70,'Employees List'!$B$1:$G$999,2,0),"") -> GANESH | G70: =W70-V70-R70 -> 12103.505 | H70: 45606 | I70: =IFERROR(VLOOKUP(F70,'Employees List'!$C:$F,2,0),"") | J70: =IFERROR(VLOOKUP(C70,'Employees List'!$B$2:$G$991,5,0),"") -> 8811010012054879 | K70: =IFERROR(VLOOKUP(F70,'Employees List'!$C$1:$AB$991,5,0),"") -> 17500 | L70: =K70*70% -> 12250 | M70: =K70*30% -> 5250 | N70: =IFERROR(VLOOKUP(B70,'Employees List'!$A$2:$H$991,8,0),"") -> 31 | O70: =IFERROR(VLOOKUP(D70,'Daily Attendance Report 24-25'!A69:BP999,5,0),"") -> 21 | P70: =IFERROR(VLOOKUP(E70,'Daily Attendance Report 24-25'!$A$1:$BO$617,5,0),"") -> 18 | Q70: 450 | R70: 2000 | S70: =K70/N70*O70 -> 11854.839 | T70: =K70/N70/8*1.5*P70 -> 1905.2419 | U70: =S70+T70-R70+Q70 -> 12210.081 | V70: =W70*0.75% -> 106.5756 | W70: =S70+T70+Q70 -> 14210.081
A71: CPIEMP70 | B71: October | C71: PR 01 | D71: =B71&F71 -> OctoberVASANTHA | E71: =D71&$P$1 -> OctoberVASANTHAOT Hours | F71: =IFERROR(VLOOKUP(C71,'Employees List'!$B$1:$G$999,2,0),"") -> VASANTHA | G71: =W71-V71-R71 -> 10291.585 | H71: 45606 | I71: =IFERROR(VLOOKUP(F71,'Employees List'!$C:$F,2,0),"") | J71: =IFERROR(VLOOKUP(C71,'Employees List'!$B$2:$G$991,5,0),"") -> 8131010000016959 | K71: =IFERROR(VLOOKUP(F71,'Employees List'!$C$1:$AB$991,5,0),"") -> 12000 | L71: =K71*70% -> 8400 | M71: =K71*30% -> 3600 | N71: =IFERROR(VLOOKUP(B71,'Employees List'!$A$2:$H$991,8,0),"") -> 31 | O71: =IFERROR(VLOOKUP(D71,'Daily Attendance Report 24-25'!A70:BP999,5,0),"") -> 23 | P71: =IFERROR(VLOOKUP(E71,'Daily Attendance Report 24-25'!$A$1:$BO$617,5,0),"") -> 14 | Q71: 450 | S71: =K71/N71*O71 -> 8903.2258 | T71: =K71/N71/8*1.5*P71 -> 1016.129 | U71: =S71+T71-R71+Q71 -> 10369.355 | V71: =W71*0.75% -> 77.770161 | W71: =S71+T71+Q71 -> 10369.355
A72: CPIEMP71 | B72: October | C72: AC 02 | D72: =B72&F72 -> OctoberSUNDARI | E72: =D72&$P$1 -> OctoberSUNDARIOT Hours | F72: =IFERROR(VLOOKUP(C72,'Employees List'!$B$1:$G$999,2,0),"") -> SUNDARI | G72: =W72-V72-R72 -> 19812.381 | H72: 45606 | I72: =IFERROR(VLOOKUP(F72,'Employees List'!$C:$F,2,0),"") | J72: =IFERROR(VLOOKUP(C72,'Employees List'!$B$2:$G$991,5,0),"") -> 8131010000016977 | K72: =IFERROR(VLOOKUP(F72,'Employees List'!$C$1:$AB$991,5,0),"") -> 18000 | L72: =K72*70% -> 12600 | M72: =K72*30% -> 5400 | N72: =IFERROR(VLOOKUP(B72,'Employees List'!$A$2:$H$991,8,0),"") -> 31 | O72: =IFERROR(VLOOKUP(D72,'Daily Attendance Report 24-25'!A71:BP999,5,0),"") -> 31 | P72: =IFERROR(VLOOKUP(E72,'Daily Attendance Report 24-25'!$A$1:$BO$617,5,0),"") -> 7 | Q72: 1200 | S72: =K72/N72*O72 -> 18000 | T72: =K72/N72/8*1.5*P72 -> 762.09677 | U72: =S72+T72-R72+Q72 -> 19962.097 | V72: =W72*0.75% -> 149.71573 | W72: =S72+T72+Q72 -> 19962.097
A73: CPIEMP72 | B73: October | C73: PR 03 | D73: =B73&F73 -> OctoberADHIKARI BALIA | E73: =D73&$P$1 -> OctoberADHIKARI BALIAOT Hours | F73: =IFERROR(VLOOKUP(C73,'Employees List'!$B$1:$G$999,2,0),"") -> ADHIKARI BALIA | G73: =W73-V73-R73 -> 16390.657 | H73: 45606 | I73: =IFERROR(VLOOKUP(F73,'Employees List'!$C:$F,2,0),"") | J73: =IFERROR(VLOOKUP(C73,'Employees List'!$B$2:$G$991,5,0),"") -> 8131010000018948 | K73: =IFERROR(VLOOKUP(F73,'Employees List'!$C$1:$AB$991,5,0),"") -> 12000 | L73: =K73*70% -> 8400 | M73: =K73*30% -> 3600 | N73: =IFERROR(VLOOKUP(B73,'Employees List'!$A$2:$H$991,8,0),"") -> 31 | O73: =IFERROR(VLOOKUP(D73,'Daily Attendance Report 24-25'!A72:BP999,5,0),"") -> 30.5 | P73: =IFERROR(VLOOKUP(E73,'Daily Attendance Report 24-25'!$A$1:$BO$617,5,0),"") -> 56 | Q73: 450 | S73: 12000 | T73: =K73/N73/8*1.5*P73 -> 4064.5161 | U73: =S73+T73-R73+Q73 -> 16514.516 | V73: =W73*0.75% -> 123.85887 | W73: =S73+T73+Q73 -> 16514.516
A74: CPIEMP73 | B74: October | C74: DR 01 | D74: =B74&F74 -> OctoberMathi | E74: =D74&$P$1 -> OctoberMathiOT Hours | F74: =IFERROR(VLOOKUP(C74,'Employees List'!$B$1:$G$999,2,0),"") -> Mathi | G74: =W74-V74-R74 -> 23839.669 | H74: 45606 | I74: =IFERROR(VLOOKUP(F74,'Employees List'!$C:$F,2,0),"") | J74: =IFERROR(VLOOKUP(C74,'Employees List'!$B$2:$G$991,5,0),"") -> 8131010000016986 | K74: =IFERROR(VLOOKUP(F74,'Employees List'!$C$1:$AB$991,5,0),"") -> 20000 | L74: =K74*70% -> 14000 | M74: =K74*30% -> 6000 | N74: =IFERROR(VLOOKUP(B74,'Employees List'!$A$2:$H$991,8,0),"") -> 31 | O74: =IFERROR(VLOOKUP(D74,'Daily Attendance Report 24-25'!A73:BP999,5,0),"") -> 29 | P74: =IFERROR(VLOOKUP(E74,'Daily Attendance Report 24-25'!$A$1:$BO$617,5,0),"") -> 61 | Q74: 450 | R74: 2500 | S74: =K74/N74*O74 -> 18709.677 | T74: =K74/N74/8*1.5*P74 -> 7379.0323 | U74: =S74+T74-R74+Q74 -> 24038.71 | V74: =W74*0.75% -> 199.04032 | W74: =S74+T74+Q74 -> 26538.71
A75: CPIEMP74 | B75: October | C75: PR 04 | D75: =B75&F75 -> OctoberRUPESH | E75: =D75&$P$1 -> OctoberRUPESHOT Hours | F75: =IFERROR(VLOOKUP(C75,'Employees List'!$B$1:$G$999,2,0),"") -> RUPESH | G75: =W75-V75-R75 -> 16765.246 | H75: 45606 | I75: =IFERROR(VLOOKUP(F75,'Employees List'!$C:$F,2,0),"") | J75: =IFERROR(VLOOKUP(C75,'Employees List'!$B$2:$G$991,5,0),"") -> 8131010000020156 | K75: =IFERROR(VLOOKUP(F75,'Employees List'!$C$1:$AB$991,5,0),"") -> 12000 | L75: =K75*70% -> 8400 | M75: =K75*30% -> 3600 | N75: =IFERROR(VLOOKUP(B75,'Employees List'!$A$2:$H$991,8,0),"") -> 31 | O75: =IFERROR(VLOOKUP(D75,'Daily Attendance Report 24-25'!A74:BP999,5,0),"") -> 31 | P75: =IFERROR(VLOOKUP(E75,'Daily Attendance Report 24-25'!$A$1:$BO$617,5,0),"") -> 55 | Q75: 900 | S75: =K75/N75*O75 -> 12000 | T75: =K75/N75/8*1.5*P75 -> 3991.9355 | U75: =S75+T75-R75+Q75 -> 16891.935 | V75: =W75*0.75% -> 126.68952 | W75: =S75+T75+Q75 -> 16891.935
A76: CPIEMP75 | B76: October | C76: PR 05 | D76: =B76&F76 -> OctoberSANJAI BHAGAT | E76: =D76&$P$1 -> OctoberSANJAI BHAGATOT Hours | F76: =IFERROR(VLOOKUP(C76,'Employees List'!$B$1:$G$999,2,0),"") -> SANJAI BHAGAT | G76: =W76-V76-R76 -> 18455.698 | H76: 45606 | I76: =IFERROR(VLOOKUP(F76,'Employees List'!$C:$F,2,0),"") | J76: =IFERROR(VLOOKUP(C76,'Employees List'!$B$2:$G$991,5,0),"") -> 8131010000021225 | K76: =IFERROR(VLOOKUP(F76,'Employees List'!$C$1:$AB$991,5,0),"") -> 12000 | L76: =K76*70% -> 8400 | M76: =K76*30% -> 3600 | N76: =IFERROR(VLOOKUP(B76,'Employees List'!$A$2:$H$991,8,0),"") -> 31 | O76: =IFERROR(VLOOKUP(D76,'Daily Attendance Report 24-25'!A75:BP999,5,0),"") -> 30 | P76: =IFERROR(VLOOKUP(E76,'Daily Attendance Report 24-25'!$A$1:$BO$617,5,0),"") -> 90 | Q76: 450 | S76: =K76/N76*O76 -> 11612.903 | T76: =K76/N76/8*1.5*P76 -> 6532.2581 | U76: =S76+T76-R76+Q76 -> 18595.161 | V76: =W76*0.75% -> 139.46371 | W76: =S76+T76+Q76 -> 18595.161
A77: CPIEMP76 | B77: October | C77: PR 21 | D77: =B77&F77 -> OctoberLIPAN | E77: =D77&$P$1 -> OctoberLIPANOT Hours | F77: =IFERROR(VLOOKUP(C77,'Employees List'!$B$1:$G$999,2,0),"") -> LIPAN | G77: =W77-V77-R77 -> 18854.298 | H77: 45606 | I77: =IFERROR(VLOOKUP(F77,'Employees List'!$C:$F,2,0),"") | J77: =IFERROR(VLOOKUP(C77,'Employees List'!$B$2:$G$991,5,0),"") -> 8131010000018957 | K77: =IFERROR(VLOOKUP(F77,'Employees List'!$C$1:$AB$991,5,0),"") -> 12000 | L77: =K77*70% -> 8400 | M77: =K77*30% -> 3600 | N77: =IFERROR(VLOOKUP(B77,'Employees List'!$A$2:$H$991,8,0),"") -> 31 | O77: =IFERROR(VLOOKUP(D77,'Daily Attendance Report 24-25'!A76:BP999,5,0),"") -> 31 | P77: =IFERROR(VLOOKUP(E77,'Daily Attendance Report 24-25'!$A$1:$BO$617,5,0),"") -> 84 | Q77: 900 | S77: =K77/N77*O77 -> 12000 | T77: =K77/N77/8*1.5*P77 -> 6096.7742 | U77: =S77+T77-R77+Q77 -> 18996.774 | V77: =W77*0.75% -> 142.47581 | W77: =S77+T77+Q77 -> 18996.774
A78: CPIEMP77 | B78: October | C78: PR 20 | D78: =B78&F78 -> OctoberJAGABANDH | E78: =D78&$P$1 -> OctoberJAGABANDHOT Hours | F78: =IFERROR(VLOOKUP(C78,'Employees List'!$B$1:$G$999,2,0),"") -> JAGABANDH | G78: =W78-V78-R78 -> 17062.996 | H78: 45606 | I78: =IFERROR(VLOOKUP(F78,'Employees List'!$C:$F,2,0),"") | J78: =IFERROR(VLOOKUP(C78,'Employees List'!$B$2:$G$991,5,0),"") -> 8131010000018920 | K78: =IFERROR(VLOOKUP(F78,'Employees List'!$C$1:$AB$991,5,0),"") -> 12000 | L78: =K78*70% -> 8400 | M78: =K78*30% -> 3600 | N78: =IFERROR(VLOOKUP(B78,'Employees List'!$A$2:$H$991,8,0),"") -> 31 | O78: =IFERROR(VLOOKUP(D78,'Daily Attendance Report 24-25'!A77:BP999,5,0),"") -> 29 | P78: =IFERROR(VLOOKUP(E78,'Daily Attendance Report 24-25'!$A$1:$BO$617,5,0),"") -> 76 | Q78: 450 | S78: =K78/N78*O78 -> 11225.806 | T78: =K78/N78/8*1.5*P78 -> 5516.129 | U78: =S78+T78-R78+Q78 -> 17191.935 | V78: =W78*0.75% -> 128.93952 | W78: =S78+T78+Q78 -> 17191.935
A79: CPIEMP78 | B79: October | C79: AC 03 | D79: =B79&F79 -> OctoberLEELA | E79: =D79&$P$1 -> OctoberLEELAOT Hours | F79: =IFERROR(VLOOKUP(C79,'Employees List'!$B$1:$G$999,2,0),"") -> LEELA | G79: =W79-V79-R79 -> 12932.915 | H79: 45606 | I79: =IFERROR(VLOOKUP(F79,'Employees List'!$C:$F,2,0),"") | J79: =IFERROR(VLOOKUP(C79,'Employees List'!$B$2:$G$991,5,0),"") -> 8387010000017745 | K79: =IFERROR(VLOOKUP(F79,'Employees List'!$C$1:$AB$991,5,0),"") -> 13000 | L79: =K79*70% -> 9100 | M79: =K79*30% -> 3900 | N79: =IFERROR(VLOOKUP(B79,'Employees List'!$A$2:$H$991,8,0),"") -> 31 | O79: =IFERROR(VLOOKUP(D79,'Daily Attendance Report 24-25'!A78:BP999,5,0),"") -> 30 | P79: =IFERROR(VLOOKUP(E79,'Daily Attendance Report 24-25'!$A$1:$BO$617,5,0),"") -> 0 | Q79: 450 | S79: =K79/N79*O79 -> 12580.645 | T79: =K79/N79/8*1.5*P79 -> 0 | U79: =S79+T79-R79+Q79 -> 13030.645 | V79: =W79*0.75% -> 97.729839 | W79: =S79+T79+Q79 -> 13030.645
A80: CPIEMP79 | B80: October | C80: PR 08 | D80: =B80&F80 -> OctoberREVATHI S | E80: =D80&$P$1 -> OctoberREVATHI SOT Hours | F80: =IFERROR(VLOOKUP(C80,'Employees List'!$B$1:$G$999,2,0),"") -> REVATHI S | G80: =W80-V80-R80 -> 9350.6144 | H80: 45606 | I80: =IFERROR(VLOOKUP(F80,'Employees List'!$C:$F,2,0),"") | J80: =IFERROR(VLOOKUP(C80,'Employees List'!$B$2:$G$991,5,0),"") -> 8131010000016995 | K80: =IFERROR(VLOOKUP(F80,'Employees List'!$C$1:$AB$991,5,0),"") -> 9500 | L80: =K80*70% -> 6650 | M80: =K80*30% -> 2850 | N80: =IFERROR(VLOOKUP(B80,'Employees List'!$A$2:$H$991,8,0),"") -> 31 | O80: =IFERROR(VLOOKUP(D80,'Daily Attendance Report 24-25'!A79:BP999,5,0),"") -> 29 | P80: =IFERROR(VLOOKUP(E80,'Daily Attendance Report 24-25'!$A$1:$BO$617,5,0),"") -> 19 | Q80: 450 | R80: 1000 | S80: =K80/N80*O80 -> 8887.0968 | T80: =K80/N80/8*1.5*P80 -> 1091.7339 | U80: =S80+T80-R80+Q80 -> 9428.8306 | V80: =W80*0.75% -> 78.21623 | W80: =S80+T80+Q80 -> 10428.831
A81: CPIEMP80 | B81: October | C81: PR 19 | D81: =B81&F81 -> OctoberSIDHESHWAR | E81: =D81&$P$1 -> OctoberSIDHESHWAROT Hours | F81: =IFERROR(VLOOKUP(C81,'Employees List'!$B$1:$G$999,2,0),"") -> SIDHESHWAR | G81: =U81-V81 -> 15159.437 | H81: 45606 | I81: =IFERROR(VLOOKUP(F81,'Employees List'!$C:$F,2,0),"") | J81: =IFERROR(VLOOKUP(C81,'Employees List'!$B$2:$G$991,5,0),"") -> 8131010000018939 | K81: =IFERROR(VLOOKUP(F81,'Employees List'!$C$1:$AB$991,5,0),"") -> 10500 | L81: =K81*70% -> 7350 | M81: =K81*30% -> 3150 | N81: =IFERROR(VLOOKUP(B81,'Employees List'!$A$2:$H$991,8,0),"") -> 31 | O81: =IFERROR(VLOOKUP(D81,'Daily Attendance Report 24-25'!A80:BP999,5,0),"") -> 31 | P81: =IFERROR(VLOOKUP(E81,'Daily Attendance Report 24-25'!$A$1:$BO$617,5,0),"") -> 61 | Q81: 900 | S81: =K81/N81*O81 -> 10500 | T81: =K81/N81/8*1.5*P81 -> 3873.9919 | U81: =S81+T81-R81+Q81 -> 15273.992 | V81: =W81*0.75% -> 114.55494 | W81: =S81+T81+Q81 -> 15273.992
A82: CPIEMP81 | B82: October | C82: PR 07 | D82: =B82&F82 -> OctoberAMMU | E82: =D82&$P$1 -> OctoberAMMUOT Hours | F82: =IFERROR(VLOOKUP(C82,'Employees List'!$B$1:$G$999,2,0),"") -> AMMU | G82: =U82-V82 -> 11519.603 | H82: 45606 | I82: =IFERROR(VLOOKUP(F82,'Employees List'!$C:$F,2,0),"") | J82: =IFERROR(VLOOKUP(C82,'Employees List'!$B$2:$G$991,5,0),"") -> 65801000040238 | K82: =IFERROR(VLOOKUP(F82,'Employees List'!$C$1:$AB$991,5,0),"") -> 9500 | L82: =K82*70% -> 6650 | M82: =K82*30% -> 2850 | N82: =IFERROR(VLOOKUP(B82,'Employees List'!$A$2:$H$991,8,0),"") -> 31 | O82: =IFERROR(VLOOKUP(D82,'Daily Attendance Report 24-25'!A81:BP999,5,0),"") -> 31 | P82: =IFERROR(VLOOKUP(E82,'Daily Attendance Report 24-25'!$A$1:$BO$617,5,0),"") -> 21 | Q82: 900 | S82: =K82/N82*O82 -> 9500 | T82: =K82/N82/8*1.5*P82 -> 1206.6532 | U82: =S82+T82-R82+Q82 -> 11606.653 | V82: =W82*0.75% -> 87.049899 | W82: =S82+T82+Q82 -> 11606.653
A83: CPIEMP82 | B83: October | C83: PR 12 | D83: =B83&F83 -> OctoberPINU BAGH | E83: =D83&$P$1 -> OctoberPINU BAGHOT Hours | F83: =IFERROR(VLOOKUP(C83,'Employees List'!$B$1:$G$999,2,0),"") -> PINU BAGH | G83: =U83-V83 -> 15499.112 | H83: 45606 | I83: =IFERROR(VLOOKUP(F83,'Employees List'!$C:$F,2,0),"") | J83: =IFERROR(VLOOKUP(C83,'Employees List'!$B$2:$G$991,5,0),"") -> 8131010000018814 | K83: =IFERROR(VLOOKUP(F83,'Employees List'!$C$1:$AB$991,5,0),"") -> 11000 | L83: =K83*70% -> 7700 | M83: =K83*30% -> 3300 | N83: =IFERROR(VLOOKUP(B83,'Employees List'!$A$2:$H$991,8,0),"") -> 31 | O83: =IFERROR(VLOOKUP(D83,'Daily Attendance Report 24-25'!A82:BP999,5,0),"") -> 31 | P83: =IFERROR(VLOOKUP(E83,'Daily Attendance Report 24-25'!$A$1:$BO$617,5,0),"") -> 71 | Q83: 900 | R83: 1000 | S83: =K83/N83*O83 -> 11000 | T83: =K83/N83/8*1.5*P83 -> 4723.7903 | U83: =S83+T83-R83+Q83 -> 15623.79 | V83: =W83*0.75% -> 124.67843 | W83: =S83+T83+Q83 -> 16623.79
A84: CPIEMP83 | B84: November | C84: AC 01 | D84: =B84&F84 -> NovemberBHUVANESWARAN | E84: =D84&$P$1 -> NovemberBHUVANESWARANOT Hours | F84: =IFERROR(VLOOKUP(C84,'Employees List'!$B$1:$G$999,2,0),"") -> BHUVANESWARAN | G84: =U84 -> 60900 | H84: 45636 | I84: =IFERROR(VLOOKUP(F84,'Employees List'!$C:$F,2,0),"") | J84: =IFERROR(VLOOKUP(C84,'Employees List'!$B$2:$G$991,5,0),"") -> 500101011548924 | K84: =IFERROR(VLOOKUP(F84,'Employees List'!$C$1:$AB$991,5,0),"") -> 60000 | L84: =K84*70% -> 42000 | M84: =K84*30% -> 18000 | N84: =IFERROR(VLOOKUP(B84,'Employees List'!$A$2:$H$991,8,0),"") -> 30 | O84: =IFERROR(VLOOKUP(D84,'Daily Attendance Report 24-25'!A83:BP999,5,0),"") -> 30 | P84: =IFERROR(VLOOKUP(E84,'Daily Attendance Report 24-25'!$A$1:$BO$617,5,0),"") -> 0 | Q84: 900 | S84: =K84/N84*O84 -> 60000 | T84: =K84/N84/8*1.5*P84 -> 0 | U84: =S84+T84-R84+Q84 -> 60900 | V84: =W84*0.75% -> 456.75 | W84: =S84+T84+Q84 -> 60900
A85: CPIEMP84 | B85: November | C85: AC 02 | D85: =B85&F85 -> NovemberSUNDARI | E85: =D85&$P$1 -> NovemberSUNDARIOT Hours | F85: =IFERROR(VLOOKUP(C85,'Employees List'!$B$1:$G$999,2,0),"") -> SUNDARI | G85: =U85-V85 -> 19167.656 | H85: 45636 | I85: =IFERROR(VLOOKUP(F85,'Employees List'!$C:$F,2,0),"") | J85: =IFERROR(VLOOKUP(C85,'Employees List'!$B$2:$G$991,5,0),"") -> 8131010000016977 | K85: =IFERROR(VLOOKUP(F85,'Employees List'!$C$1:$AB$991,5,0),"") -> 18000 | L85: =K85*70% -> 12600 | M85: =K85*30% -> 5400 | N85: =IFERROR(VLOOKUP(B85,'Employees List'!$A$2:$H$991,8,0),"") -> 30 | O85: =IFERROR(VLOOKUP(D85,'Daily Attendance Report 24-25'!A84:BP999,5,0),"") -> 30 | P85: =IFERROR(VLOOKUP(E85,'Daily Attendance Report 24-25'!$A$1:$BO$617,5,0),"") -> 1 | Q85: 1200 | S85: =K85/N85*O85 -> 18000 | T85: =K85/N85/8*1.5*P85 -> 112.5 | U85: =S85+T85-R85+Q85 -> 19312.5 | V85: =W85*0.75% -> 144.84375 | W85: =S85+T85+Q85 -> 19312.5
A86: CPIEMP85 | B86: November | C86: PR 01 | D86: =B86&F86 -> NovemberVASANTHA | E86: =D86&$P$1 -> NovemberVASANTHAOT Hours | F86: =IFERROR(VLOOKUP(C86,'Employees List'!$B$1:$G$999,2,0),"") -> VASANTHA | G86: =U86-V86 -> 6277.5625 | H86: 45636 | I86: =IFERROR(VLOOKUP(F86,'Employees List'!$C:$F,2,0),"") | J86: =IFERROR(VLOOKUP(C86,'Employees List'!$B$2:$G$991,5,0),"") -> 8131010000016959 | K86: =IFERROR(VLOOKUP(F86,'Employees List'!$C$1:$AB$991,5,0),"") -> 12000 | L86: =K86*70% -> 8400 | M86: =K86*30% -> 3600 | N86: =IFERROR(VLOOKUP(B86,'Employees List'!$A$2:$H$991,8,0),"") -> 30 | O86: =IFERROR(VLOOKUP(D86,'Daily Attendance Report 24-25'!A85:BP999,5,0),"") -> 13 | P86: =IFERROR(VLOOKUP(E86,'Daily Attendance Report 24-25'!$A$1:$BO$617,5,0),"") -> 9 | Q86: 450 | S86: =K86/N86*O86 -> 5200 | T86: =K86/N86/8*1.5*P86 -> 675 | U86: =S86+T86-R86+Q86 -> 6325 | V86: =W86*0.75% -> 47.4375 | W86: =S86+T86+Q86 -> 6325
A87: CPIEMP86 | B87: November | C87: PR 02 | D87: =B87&F87 -> NovemberGANESH | E87: =D87&$P$1 -> NovemberGANESHOT Hours | F87: =IFERROR(VLOOKUP(C87,'Employees List'!$B$1:$G$999,2,0),"") -> GANESH | G87: =U87-V87 -> 11671.221 | H87: 45636 | I87: =IFERROR(VLOOKUP(F87,'Employees List'!$C:$F,2,0),"") | J87: =IFERROR(VLOOKUP(C87,'Employees List'!$B$2:$G$991,5,0),"") -> 8811010012054879 | K87: =IFERROR(VLOOKUP(F87,'Employees List'!$C$1:$AB$991,5,0),"") -> 17500 | L87: =K87*70% -> 12250 | M87: =K87*30% -> 5250 | N87: =IFERROR(VLOOKUP(B87,'Employees List'!$A$2:$H$991,8,0),"") -> 30 | O87: =IFERROR(VLOOKUP(D87,'Daily Attendance Report 24-25'!A86:BP999,5,0),"") -> 23 | P87: =IFERROR(VLOOKUP(E87,'Daily Attendance Report 24-25'!$A$1:$BO$617,5,0),"") -> 1 | Q87: 450 | R87: 2200 | S87: =K87/N87*O87 -> 13416.667 | T87: =K87/N87/8*1.5*P87 -> 109.375 | U87: =S87+T87-R87+Q87 -> 11776.042 | V87: =W87*0.75% -> 104.82031 | W87: =S87+T87+Q87 -> 13976.042
A88: CPIEMP87 | B88: November | C88: PR 03 | D88: =B88&F88 -> NovemberADHIKARI BALIA | E88: =D88&$P$1 -> NovemberADHIKARI BALIAOT Hours | F88: =IFERROR(VLOOKUP(C88,'Employees List'!$B$1:$G$999,2,0),"") -> ADHIKARI BALIA | G88: =U88-V88 -> 14391.25 | H88: 45636 | I88: =IFERROR(VLOOKUP(F88,'Employees List'!$C:$F,2,0),"") | J88: =IFERROR(VLOOKUP(C88,'Employees List'!$B$2:$G$991,5,0),"") -> 8131010000018948 | K88: =IFERROR(VLOOKUP(F88,'Employees List'!$C$1:$AB$991,5,0),"") -> 12000 | L88: =K88*70% -> 8400 | M88: =K88*30% -> 3600 | N88: =IFERROR(VLOOKUP(B88,'Employees List'!$A$2:$H$991,8,0),"") -> 30 | O88: =IFERROR(VLOOKUP(D88,'Daily Attendance Report 24-25'!A87:BP999,5,0),"") -> 28 | P88: =IFERROR(VLOOKUP(E88,'Daily Attendance Report 24-25'!$A$1:$BO$617,5,0),"") -> 38 | Q88: 450 | S88: =K88/N88*O88 -> 11200 | T88: =K88/N88/8*1.5*P88 -> 2850 | U88: =S88+T88-R88+Q88 -> 14500 | V88: =W88*0.75% -> 108.75 | W88: =S88+T88+Q88 -> 14500
A89: CPIEMP88 | B89: November | C89: PR 04 | D89: =B89&F89 -> NovemberRUPESH | E89: =D89&$P$1 -> NovemberRUPESHOT Hours | F89: =IFERROR(VLOOKUP(C89,'Employees List'!$B$1:$G$999,2,0),"") -> RUPESH | G89: =U89-V89 -> 14242.375 | H89: 45636 | I89: =IFERROR(VLOOKUP(F89,'Employees List'!$C:$F,2,0),"") | J89: =IFERROR(VLOOKUP(C89,'Employees List'!$B$2:$G$991,5,0),"") -> 8131010000020156 | K89: =IFERROR(VLOOKUP(F89,'Employees List'!$C$1:$AB$991,5,0),"") -> 12000 | L89: =K89*70% -> 8400 | M89: =K89*30% -> 3600 | N89: =IFERROR(VLOOKUP(B89,'Employees List'!$A$2:$H$991,8,0),"") -> 30 | O89: =IFERROR(VLOOKUP(D89,'Daily Attendance Report 24-25'!A88:BP999,5,0),"") -> 28 | P89: =IFERROR(VLOOKUP(E89,'Daily Attendance Report 24-25'!$A$1:$BO$617,5,0),"") -> 36 | Q89: 450 | S89: =K89/N89*O89 -> 11200 | T89: =K89/N89/8*1.5*P89 -> 2700 | U89: =S89+T89-R89+Q89 -> 14350 | V89: =W89*0.75% -> 107.625 | W89: =S89+T89+Q89 -> 14350
A90: CPIEMP89 | B90: November | C90: PR 05 | D90: =B90&F90 -> NovemberSANJAI BHAGAT | E90: =D90&$P$1 -> NovemberSANJAI BHAGATOT Hours | F90: =IFERROR(VLOOKUP(C90,'Employees List'!$B$1:$G$999,2,0),"") -> SANJAI BHAGAT | G90: =U90-V90 -> 15607.062 | H90: 45636 | I90: =IFERROR(VLOOKUP(F90,'Employees List'!$C:$F,2,0),"") | J90: =IFERROR(VLOOKUP(C90,'Employees List'!$B$2:$G$991,5,0),"") -> 8131010000021225 | K90: =IFERROR(VLOOKUP(F90,'Employees List'!$C$1:$AB$991,5,0),"") -> 12000 | L90: =K90*70% -> 8400 | M90: =K90*30% -> 3600 | N90: =IFERROR(VLOOKUP(B90,'Employees List'!$A$2:$H$991,8,0),"") -> 30 | O90: =IFERROR(VLOOKUP(D90,'Daily Attendance Report 24-25'!A89:BP999,5,0),"") -> 29 | P90: =IFERROR(VLOOKUP(E90,'Daily Attendance Report 24-25'!$A$1:$BO$617,5,0),"") -> 49 | Q90: 450 | S90: =K90/N90*O90 -> 11600 | T90: =K90/N90/8*1.5*P90 -> 3675 | U90: =S90+T90-R90+Q90 -> 15725 | V90: =W90*0.75% -> 117.9375 | W90: =S90+T90+Q90 -> 15725
A91: CPIEMP90 | B91: November | C91: PR 21 | D91: =B91&F91 -> NovemberLIPAN | E91: =D91&$P$1 -> NovemberLIPANOT Hours | F91: =IFERROR(VLOOKUP(C91,'Employees List'!$B$1:$G$999,2,0),"") -> LIPAN | G91: =U91-V91 -> 11152.938 | H91: 45636 | I91: =IFERROR(VLOOKUP(F91,'Employees List'!$C:$F,2,0),"") | J91: =IFERROR(VLOOKUP(C91,'Employees List'!$B$2:$G$991,5,0),"") -> 8131010000018957 | K91: =IFERROR(VLOOKUP(F91,'Employees List'!$C$1:$AB$991,5,0),"") -> 12000 | L91: =K91*70% -> 8400 | M91: =K91*30% -> 3600 | N91: =IFERROR(VLOOKUP(B91,'Employees List'!$A$2:$H$991,8,0),"") -> 30 | O91: =IFERROR(VLOOKUP(D91,'Daily Attendance Report 24-25'!A90:BP999,5,0),"") -> 28.5 | P91: =IFERROR(VLOOKUP(E91,'Daily Attendance Report 24-25'!$A$1:$BO$617,5,0),"") -> 59 | Q91: 450 | R91: 5000 | S91: =K91/N91*O91 -> 11400 | T91: =K91/N91/8*1.5*P91 -> 4425 | U91: =S91+T91-R91+Q91 -> 11275 | V91: =W91*0.75% -> 122.0625 | W91: =S91+T91+Q91 -> 16275
A92: CPIEMP91 | B92: November | C92: DR 01 | D92: =B92&F92 -> NovemberMathi | E92: =D92&$P$1 -> NovemberMathiOT Hours | F92: =IFERROR(VLOOKUP(C92,'Employees List'!$B$1:$G$999,2,0),"") -> Mathi | G92: =U92-V92 -> 20198.917 | H92: 45636 | I92: =IFERROR(VLOOKUP(F92,'Employees List'!$C:$F,2,0),"") | J92: =IFERROR(VLOOKUP(C92,'Employees List'!$B$2:$G$991,5,0),"") -> 8131010000016986 | K92: =IFERROR(VLOOKUP(F92,'Employees List'!$C$1:$AB$991,5,0),"") -> 20000 | L92: =K92*70% -> 14000 | M92: =K92*30% -> 6000 | N92: =IFERROR(VLOOKUP(B92,'Employees List'!$A$2:$H$991,8,0),"") -> 30 | O92: =IFERROR(VLOOKUP(D92,'Daily Attendance Report 24-25'!A91:BP999,5,0),"") -> 28 | P92: =IFERROR(VLOOKUP(E92,'Daily Attendance Report 24-25'!$A$1:$BO$617,5,0),"") -> 26 | Q92: 450 | R92: 2000 | S92: =K92/N92*O92 -> 18666.667 | T92: =K92/N92/8*1.5*P92 -> 3250 | U92: =S92+T92-R92+Q92 -> 20366.667 | V92: =W92*0.75% -> 167.75 | W92: =S92+T92+Q92 -> 22366.667
A93: CPIEMP92 | B93: November | C93: PR 19 | D93: =B93&F93 -> NovemberSIDHESHWAR | E93: =D93&$P$1 -> NovemberSIDHESHWAROT Hours | F93: =IFERROR(VLOOKUP(C93,'Employees List'!$B$1:$G$999,2,0),"") -> SIDHESHWAR | G93: =U93-V93 -> 12865.281 | H93: 45636 | I93: =IFERROR(VLOOKUP(F93,'Employees List'!$C:$F,2,0),"") | J93: =IFERROR(VLOOKUP(C93,'Employees List'!$B$2:$G$991,5,0),"") -> 8131010000018939 | K93: =IFERROR(VLOOKUP(F93,'Employees List'!$C$1:$AB$991,5,0),"") -> 10500 | L93: =K93*70% -> 7350 | M93: =K93*30% -> 3150 | N93: =IFERROR(VLOOKUP(B93,'Employees List'!$A$2:$H$991,8,0),"") -> 30 | O93: =IFERROR(VLOOKUP(D93,'Daily Attendance Report 24-25'!A94:BP999,5,0),"") -> 29 | P93: =IFERROR(VLOOKUP(E93,'Daily Attendance Report 24-25'!$A$1:$BO$617,5,0),"") -> 36 | Q93: 450 | S93: =K93/N93*O93 -> 10150 | T93: =K93/N93/8*1.5*P93 -> 2362.5 | U93: =S93+T93-R93+Q93 -> 12962.5 | V93: =W93*0.75% -> 97.21875 | W93: =S93+T93+Q93 -> 12962.5
A94: CPIEMP93 | B94: November | C94: PR 07 | D94: =B94&F94 -> NovemberAMMU | E94: =D94&$P$1 -> NovemberAMMUOT Hours | F94: =IFERROR(VLOOKUP(C94,'Employees List'!$B$1:$G$999,2,0),"") -> AMMU | G94: =U94-V94 -> 8421.776 | H94: 45636 | I94: =IFERROR(VLOOKUP(F94,'Employees List'!$C:$F,2,0),"") | J94: =IFERROR(VLOOKUP(C94,'Employees List'!$B$2:$G$991,5,0),"") -> 65801000040238 | K94: =IFERROR(VLOOKUP(F94,'Employees List'!$C$1:$AB$991,5,0),"") -> 9500 | L94: =K94*70% -> 6650 | M94: =K94*30% -> 2850 | N94: =IFERROR(VLOOKUP(B94,'Employees List'!$A$2:$H$991,8,0),"") -> 30 | O94: =IFERROR(VLOOKUP(D94,'Daily Attendance Report 24-25'!A95:BP999,5,0),"") -> 25 | P94: =IFERROR(VLOOKUP(E94,'Daily Attendance Report 24-25'!$A$1:$BO$617,5,0),"") -> 2 | Q94: 450 | S94: =K94/N94*O94 -> 7916.6667 | T94: =K94/N94/8*1.5*P94 -> 118.75 | U94: =S94+T94-R94+Q94 -> 8485.4167 | V94: =W94*0.75% -> 63.640625 | W94: =S94+T94+Q94 -> 8485.4167
A95: CPIEMP94 | B95: November | C95: PR 08 | D95: =B95&F95 -> NovemberREVATHI S | E95: =D95&$P$1 -> NovemberREVATHI SOT Hours | F95: =IFERROR(VLOOKUP(C95,'Employees List'!$B$1:$G$999,2,0),"") -> REVATHI S | G95: =U95-V95 -> 9209.3099 | H95: 45636 | I95: =IFERROR(VLOOKUP(F95,'Employees List'!$C:$F,2,0),"") | J95: =IFERROR(VLOOKUP(C95,'Employees List'!$B$2:$G$991,5,0),"") -> 8131010000016995 | K95: =IFERROR(VLOOKUP(F95,'Employees List'!$C$1:$AB$991,5,0),"") -> 9500 | L95: =K95*70% -> 6650 | M95: =K95*30% -> 2850 | N95: =IFERROR(VLOOKUP(B95,'Employees List'!$A$2:$H$991,8,0),"") -> 30 | O95: =IFERROR(VLOOKUP(D95,'Daily Attendance Report 24-25'!A96:BP999,5,0),"") -> 29 | P95: =IFERROR(VLOOKUP(E95,'Daily Attendance Report 24-25'!$A$1:$BO$617,5,0),"") -> 11 | Q95: 450 | R95: 1000 | S95: =K95/N95*O95 -> 9183.3333 | T95: =K95/N95/8*1.5*P95 -> 653.125 | U95: =S95+T95-R95+Q95 -> 9286.4583 | V95: =W95*0.75% -> 77.148438 | W95: =S95+T95+Q95 -> 10286.458
A96: CPIEMP95 | B96: November | C96: PR 12 | D96: =B96&F96 -> NovemberPINU BAGH | E96: =D96&$P$1 -> NovemberPINU BAGHOT Hours | F96: =IFERROR(VLOOKUP(C96,'Employees List'!$B$1:$G$999,2,0),"") -> PINU BAGH | G96: =U96-V96 -> 12547.24 | H96: 45636 | I96: =IFERROR(VLOOKUP(F96,'Employees List'!$C:$F,2,0),"") | J96: =IFERROR(VLOOKUP(C96,'Employees List'!$B$2:$G$991,5,0),"") -> 8131010000018814 | K96: =IFERROR(VLOOKUP(F96,'Employees List'!$C$1:$AB$991,5,0),"") -> 11000 | L96: =K96*70% -> 7700 | M96: =K96*30% -> 3300 | N96: =IFERROR(VLOOKUP(B96,'Employees List'!$A$2:$H$991,8,0),"") -> 30 | O96: =IFERROR(VLOOKUP(D96,'Daily Attendance Report 24-25'!A97:BP999,5,0),"") -> 29 | P96: =IFERROR(VLOOKUP(E96,'Daily Attendance Report 24-25'!$A$1:$BO$617,5,0),"") -> 30 | Q96: 450 | R96: 500 | S96: =K96/N96*O96 -> 10633.333 | T96: =K96/N96/8*1.5*P96 -> 2062.5 | U96: =S96+T96-R96+Q96 -> 12645.833 | V96: =W96*0.75% -> 98.59375 | W96: =S96+T96+Q96 -> 13145.833
A97: CPIEMP96 | B97: November | C97: AC 03 | D97: =B97&F97 -> NovemberLEELA | E97: =D97&$P$1 -> NovemberLEELAOT Hours | F97: =IFERROR(VLOOKUP(C97,'Employees List'!$B$1:$G$999,2,0),"") -> LEELA | G97: =U97-V97 -> 12488.958 | H97: 45636 | I97: =IFERROR(VLOOKUP(F97,'Employees List'!$C:$F,2,0),"") | J97: =IFERROR(VLOOKUP(C97,'Employees List'!$B$2:$G$991,5,0),"") -> 8387010000017745 | K97: =IFERROR(VLOOKUP(F97,'Employees List'!$C$1:$AB$991,5,0),"") -> 13000 | L97: =K97*70% -> 9100 | M97: =K97*30% -> 3900 | N97: =IFERROR(VLOOKUP(B97,'Employees List'!$A$2:$H$991,8,0),"") -> 30 | O97: =IFERROR(VLOOKUP(D97,'Daily Attendance Report 24-25'!A98:BP999,5,0),"") -> 28 | P97: =IFERROR(VLOOKUP(E97,'Daily Attendance Report 24-25'!$A$1:$BO$617,5,0),"") -> 0 | Q97: 450 | S97: =K97/N97*O97 -> 12133.333 | T97: =K97/N97/8*1.5*P97 -> 0 | U97: =S97+T97-R97+Q97 -> 12583.333 | V97: =W97*0.75% -> 94.375 | W97: =S97+T97+Q97 -> 12583.333
A98: CPIEMP97 | B98: November | C98: PR 27 | D98: =B98&F98 -> NovemberPARSHU BAGH | E98: =D98&$P$1 -> NovemberPARSHU BAGHOT Hours | F98: =IFERROR(VLOOKUP(C98,'Employees List'!$B$1:$G$999,2,0),"") -> PARSHU BAGH | G98: =U98-V98 -> 10887.5 | H98: 45636 | I98: =IFERROR(VLOOKUP(F98,'Employees List'!$C:$F,2,0),"") | J98: =IFERROR(VLOOKUP(C98,'Employees List'!$B$2:$G$991,5,0),"") -> 40653547928 | K98: =IFERROR(VLOOKUP(F98,'Employees List'!$C$1:$AB$991,5,0),"") -> 12000 | L98: =K98*70% -> 8400 | M98: =K98*30% -> 3600 | N98: =IFERROR(VLOOKUP(B98,'Employees List'!$A$2:$H$991,8,0),"") -> 30 | O98: =IFERROR(VLOOKUP(D98,'Daily Attendance Report 24-25'!A99:BP999,5,0),"") -> 30 | P98: =IFERROR(VLOOKUP(E98,'Daily Attendance Report 24-25'!$A$1:$BO$617,5,0),"") -> 28 | Q98: 900 | R98: 4000 | S98: =K98/N98*O98 -> 12000 | T98: =K98/N98/8*1.5*P98 -> 2100 | U98: =S98+T98-R98+Q98 -> 11000 | V98: =W98*0.75% -> 112.5 | W98: =S98+T98+Q98 -> 15000
A99: CPIEMP98 | B99: December | C99: AC 01 | D99: =B99&F99 -> DecemberBHUVANESWARAN | E99: =D99&$P$1 -> DecemberBHUVANESWARANOT Hours | F99: =IFERROR(VLOOKUP(C99,'Employees List'!$B$1:$G$999,2,0),"") -> BHUVANESWARAN | G99: =U99 -> 60900 | H99: 45667 | I99: =IFERROR(VLOOKUP(F99,'Employees List'!$C:$F,2,0),"") | J99: =IFERROR(VLOOKUP(C99,'Employees List'!$B$2:$G$991,5,0),"") -> 500101011548924 | K99: =IFERROR(VLOOKUP(F99,'Employees List'!$C$1:$AB$991,5,0),"") -> 60000 | L99: =K99*70% -> 42000 | M99: =K99*30% -> 18000 | N99: =IFERROR(VLOOKUP(B99,'Employees List'!$A$2:$H$991,8,0),"") -> 31 | O99: =IFERROR(VLOOKUP(D99,'Daily Attendance Report 24-25'!A100:BP999,5,0),"") -> 31 | P99: =IFERROR(VLOOKUP(E99,'Daily Attendance Report 24-25'!$A$1:$BO$617,5,0),"") -> 0 | Q99: 900 | S99: =K99/N99*O99 -> 60000 | T99: =K99/N99/8*1.5*P99 -> 0 | U99: =S99+T99-R99+Q99 -> 60900 | V99: =W99*0.75% -> 456.75 | W99: =S99+T99+Q99 -> 60900
A100: CPIEMP99 | B100: December | C100: AC 02 | D100: =B100&F100 -> DecemberSUNDARI | E100: =D100&$P$1 -> DecemberSUNDARIOT Hours | F100: =IFERROR(VLOOKUP(C100,'Employees List'!$B$1:$G$999,2,0),"") -> SUNDARI | G100: =U100-V100 -> 19380.163 | H100: 45667 | I100: =IFERROR(VLOOKUP(F100,'Employees List'!$C:$F,2,0),"") | J100: =IFERROR(VLOOKUP(C100,'Employees List'!$B$2:$G$991,5,0),"") -> 8131010000016977 | K100: =IFERROR(VLOOKUP(F100,'Employees List'!$C$1:$AB$991,5,0),"") -> 18000 | L100: =K100*70% -> 12600 | M100: =K100*30% -> 5400 | N100: =IFERROR(VLOOKUP(B100,'Employees List'!$A$2:$H$991,8,0),"") -> 31 | O100: =IFERROR(VLOOKUP(D100,'Daily Attendance Report 24-25'!A101:BP999,5,0),"") -> 31 | P100: =IFERROR(VLOOKUP(E100,'Daily Attendance Report 24-25'!$A$1:$BO$617,5,0),"") -> 3 | Q100: 1200 | S100: =K100/N100*O100 -> 18000 | T100: =K100/N100/8*1.5*P100 -> 326.6129 | U100: =S100+T100-R100+Q100 -> 19526.613 | V100: =W100*0.75% -> 146.4496 | W100: =S100+T100+Q100 -> 19526.613
...

Sheet Salary Transaction Details
A1: 1 | B1: 2 | C1: 3 | D1: 4 | E1: 5 | F1: 6 | G1: 7 | H1: 8 | I1: 9 | J1: 10 | K1: 11 | L1: 12 | M1: 13 | N1: 14 | O1: 15 | P1: 16 | Q1: 17 | R1: 18 | S1: 19 | T1: 20 | U1: 21 | V1: 22 | W1: 23 | X1: 24 | Y1: 25 | Z1: 26
A2: Salary Slip No | B2: Month | C2: Employee Code | D2: Name | E2: Account Number | F2: Bank Name | G2: NetPay | H2: Status
A3: CPIEMP01 | B3: =IFERROR(VLOOKUP(A3,'Salary Calculation'!A2:F999,2,0),"") -> April | C3: =IFERROR(VLOOKUP(A3,'Salary Calculation'!$A$2:$V$999,3,0),"") -> AC 01 | D3: =IFERROR(VLOOKUP(A3,'Salary Calculation'!$A$2:$V$999,6,0),"") -> BHUVANESWARAN | E3: =IFERROR(VLOOKUP(A3,'Salary Calculation'!$A$2:$V$999,10,0),"") -> 500101011548924 | G3: =IFERROR(VLOOKUP(A3,'Salary Calculation'!$A$2:$V$999,7,0),"") -> 57900
A4: CPIEMP02 | B4: =IFERROR(VLOOKUP(A4,'Salary Calculation'!A3:F1000,2,0),"") -> April | C4: =IFERROR(VLOOKUP(A4,'Salary Calculation'!$A$2:$V$999,3,0),"") -> PR 25 | D4: =IFERROR(VLOOKUP(A4,'Salary Calculation'!$A$2:$V$999,6,0),"") -> SAGAR | E4: =IFERROR(VLOOKUP(A4,'Salary Calculation'!$A$2:$V$999,10,0),"") | G4: =IFERROR(VLOOKUP(A4,'Salary Calculation'!$A$2:$V$999,7,0),"") -> 105.41667
A5: CPIEMP03 | B5: =IFERROR(VLOOKUP(A5,'Salary Calculation'!A4:F1001,2,0),"") -> April | C5: =IFERROR(VLOOKUP(A5,'Salary Calculation'!$A$2:$V$999,3,0),"") -> PR 02 | D5: =IFERROR(VLOOKUP(A5,'Salary Calculation'!$A$2:$V$999,6,0),"") -> GANESH | E5: =IFERROR(VLOOKUP(A5,'Salary Calculation'!$A$2:$V$999,10,0),"") -> 8811010012054879 | G5: =IFERROR(VLOOKUP(A5,'Salary Calculation'!$A$2:$V$999,7,0),"") -> 16812.133
A6: CPIEMP04 | B6: =IFERROR(VLOOKUP(A6,'Salary Calculation'!A5:F1002,2,0),"") -> April | C6: =IFERROR(VLOOKUP(A6,'Salary Calculation'!$A$2:$V$999,3,0),"") -> PR 01 | D6: =IFERROR(VLOOKUP(A6,'Salary Calculation'!$A$2:$V$999,6,0),"") -> VASANTHA | E6: =IFERROR(VLOOKUP(A6,'Salary Calculation'!$A$2:$V$999,10,0),"") -> 8131010000016959 | G6: =IFERROR(VLOOKUP(A6,'Salary Calculation'!$A$2:$V$999,7,0),"") -> 11240.062
A7: CPIEMP05 | B7: =IFERROR(VLOOKUP(A7,'Salary Calculation'!A6:F1003,2,0),"") -> April | C7: =IFERROR(VLOOKUP(A7,'Salary Calculation'!$A$2:$V$999,3,0),"") -> PR 03 | D7: =IFERROR(VLOOKUP(A7,'Salary Calculation'!$A$2:$V$999,6,0),"") -> ADHIKARI BALIA | E7: =IFERROR(VLOOKUP(A7,'Salary Calculation'!$A$2:$V$999,10,0),"") -> 8131010000018948 | G7: =IFERROR(VLOOKUP(A7,'Salary Calculation'!$A$2:$V$999,7,0),"") -> 5183.2279
A8: CPIEMP06 | B8: =IFERROR(VLOOKUP(A8,'Salary Calculation'!A7:F1004,2,0),"") -> April | C8: =IFERROR(VLOOKUP(A8,'Salary Calculation'!$A$2:$V$999,3,0),"") -> AC 02 | D8: =IFERROR(VLOOKUP(A8,'Salary Calculation'!$A$2:$V$999,6,0),"") -> SUNDARI | E8: =IFERROR(VLOOKUP(A8,'Salary Calculation'!$A$2:$V$999,10,0),"") -> 8131010000016977 | G8: =IFERROR(VLOOKUP(A8,'Salary Calculation'!$A$2:$V$999,7,0),"") -> 20172.562
A9: CPIEMP07 | B9: =IFERROR(VLOOKUP(A9,'Salary Calculation'!A8:F1005,2,0),"") -> April | C9: =IFERROR(VLOOKUP(A9,'Salary Calculation'!$A$2:$V$999,3,0),"") -> DR 01 | D9: =IFERROR(VLOOKUP(A9,'Salary Calculation'!$A$2:$V$999,6,0),"") -> Mathi | E9: =IFERROR(VLOOKUP(A9,'Salary Calculation'!$A$2:$V$999,10,0),"") -> 8131010000016986 | G9: =IFERROR(VLOOKUP(A9,'Salary Calculation'!$A$2:$V$999,7,0),"") -> 27657.667
A10: CPIEMP08 | B10: =IFERROR(VLOOKUP(A10,'Salary Calculation'!A9:F1006,2,0),"") -> April | C10: =IFERROR(VLOOKUP(A10,'Salary Calculation'!$A$2:$V$999,3,0),"") -> PR 26 | D10: =IFERROR(VLOOKUP(A10,'Salary Calculation'!$A$2:$V$999,6,0),"") -> CHINMAY PRADHAN | E10: =IFERROR(VLOOKUP(A10,'Salary Calculation'!$A$2:$V$999,10,0),"") | G10: =IFERROR(VLOOKUP(A10,'Salary Calculation'!$A$2:$V$999,7,0),"") -> 3928.6458
A11: CPIEMP09 | B11: =IFERROR(VLOOKUP(A11,'Salary Calculation'!A10:F1007,2,0),"") -> April | C11: =IFERROR(VLOOKUP(A11,'Salary Calculation'!$A$2:$V$999,3,0),"") -> PR 21 | D11: =IFERROR(VLOOKUP(A11,'Salary Calculation'!$A$2:$V$999,6,0),"") -> LIPAN | E11: =IFERROR(VLOOKUP(A11,'Salary Calculation'!$A$2:$V$999,10,0),"") -> 8131010000018957 | G11: =IFERROR(VLOOKUP(A11,'Salary Calculation'!$A$2:$V$999,7,0),"") -> 6409.8958
A12: CPIEMP10 | B12: =IFERROR(VLOOKUP(A12,'Salary Calculation'!A11:F1008,2,0),"") -> April | C12: =IFERROR(VLOOKUP(A12,'Salary Calculation'!$A$2:$V$999,3,0),"") -> PR 05 | D12: =IFERROR(VLOOKUP(A12,'Salary Calculation'!$A$2:$V$999,6,0),"") -> SANJAI BHAGAT | E12: =IFERROR(VLOOKUP(A12,'Salary Calculation'!$A$2:$V$999,10,0),"") -> 8131010000021225 | G12: =IFERROR(VLOOKUP(A12,'Salary Calculation'!$A$2:$V$999,7,0),"") -> 6386.6341
A13: CPIEMP11 | B13: =IFERROR(VLOOKUP(A13,'Salary Calculation'!A12:F1009,2,0),"") -> May | C13: =IFERROR(VLOOKUP(A13,'Salary Calculation'!$A$2:$V$999,3,0),"") -> AC 01 | D13: =IFERROR(VLOOKUP(A13,'Salary Calculation'!$A$2:$V$999,6,0),"") -> BHUVANESWARAN | E13: =IFERROR(VLOOKUP(A13,'Salary Calculation'!$A$2:$V$999,10,0),"") -> 500101011548924 | G13: =IFERROR(VLOOKUP(A13,'Salary Calculation'!$A$2:$V$999,7,0),"") -> 60900
A14: CPIEMP12 | B14: =IFERROR(VLOOKUP(A14,'Salary Calculation'!A13:F1010,2,0),"") -> May | C14: =IFERROR(VLOOKUP(A14,'Salary Calculation'!$A$2:$V$999,3,0),"") -> PR 02 | D14: =IFERROR(VLOOKUP(A14,'Salary Calculation'!$A$2:$V$999,6,0),"") -> GANESH | E14: =IFERROR(VLOOKUP(A14,'Salary Calculation'!$A$2:$V$999,10,0),"") -> 8811010012054879 | G14: =IFERROR(VLOOKUP(A14,'Salary Calculation'!$A$2:$V$999,7,0),"") -> 11864.14
... A99: CPIEMP97 | B99: =IFERROR(VLOOKUP(A99,'Salary Calculation'!A98:F1095,2,0),"") -> November | C99: =IFERROR(VLOOKUP(A99,'Salary Calculation'!$A$2:$V$999,3,0),"") -> PR 27 | D99: =IFERROR(VLOOKUP(A99,'Salary Calculation'!$A$2:$V$999,6,0),"") -> PARSHU BAGH | E99: =IFERROR(VLOOKUP(A99,'Salary Calculation'!$A$2:$V$999,10,0),"") -> 40653547928 | G99: =IFERROR(VLOOKUP(A99,'Salary Calculation'!$A$2:$V$999,7,0),"") -> 10887.5
A100: CPIEMP98 | B100: =IFERROR(VLOOKUP(A100,'Salary Calculation'!A99:F1096,2,0),"") -> December | C100: =IFERROR(VLOOKUP(A100,'Salary Calculation'!$A$2:$V$999,3,0),"") -> AC 01 | D100: =IFERROR(VLOOKUP(A100,'Salary Calculation'!$A$2:$V$999,6,0),"") -> BHUVANESWARAN | E100: =IFERROR(VLOOKUP(A100,'Salary Calculation'!$A$2:$V$999,10,0),"") -> 500101011548924 | F100: CUB | G100: =IFERROR(VLOOKUP(A100,'Salary Calculation'!$A$2:$V$999,7,0),"") -> 60900 | H100: Paid
A101: CPIEMP99 | B101: =IFERROR(VLOOKUP(A101,'Salary Calculation'!A100:F1097,2,0),"") -> December | C101: =IFERROR(VLOOKUP(A101,'Salary Calculation'!$A$2:$V$999,3,0),"") -> AC 02 | D101: =IFERROR(VLOOKUP(A101,'Salary Calculation'!$A$2:$V$999,6,0),"") -> SUNDARI | E101: =IFERROR(VLOOKUP(A101,'Salary Calculation'!$A$2:$V$999,10,0),"") -> 8131010000016977 | F101: DBS | G101: =IFERROR(VLOOKUP(A101,'Salary Calculation'!$A$2:$V$999,7,0),"") -> 19380.163 | H101: Paid
A102: CPIEMP100 | B102: =IFERROR(VLOOKUP(A102,'Salary Calculation'!A101:F1098,2,0),"") -> December | C102: =IFERROR(VLOOKUP(A102,'Salary Calculation'!$A$2:$V$999,3,0),"") -> PR 02 | D102: =IFERROR(VLOOKUP(A102,'Salary Calculation'!$A$2:$V$999,6,0),"") -> GANESH | E102: =IFERROR(VLOOKUP(A102,'Salary Calculation'!$A$2:$V$999,10,0),"") -> 8811010012054879 | F102: DBS | G102: =IFERROR(VLOOKUP(A102,'Salary Calculation'!$A$2:$V$999,7,0),"") -> 15786.116 | H102: Paid
A103: CPIEMP101 | B103: =IFERROR(VLOOKUP(A103,'Salary Calculation'!A102:F1099,2,0),"") -> December | C103: =IFERROR(VLOOKUP(A103,'Salary Calculation'!$A$2:$V$999,3,0),"") -> PR 03 | D103: =IFERROR(VLOOKUP(A103,'Salary Calculation'!$A$2:$V$999,6,0),"") -> ADHIKARI BALIA | E103: =IFERROR(VLOOKUP(A103,'Salary Calculation'!$A$2:$V$999,10,0),"") -> 8131010000018948 | F103: DBS | G103: =IFERROR(VLOOKUP(A103,'Salary Calculation'!$A$2:$V$999,7,0),"") -> 5300.0927 | H103: Paid
A104: CPIEMP102 | B104: =IFERROR(VLOOKUP(A104,'Salary Calculation'!A103:F1100,2,0),"") -> December | C104: =IFERROR(VLOOKUP(A104,'Salary Calculation'!$A$2:$V$999,3,0),"") -> PR 04 | D104: =IFERROR(VLOOKUP(A104,'Salary Calculation'!$A$2:$V$999,6,0),"") -> RUPESH | E104: =IFERROR(VLOOKUP(A104,'Salary Calculation'!$A$2:$V$999,10,0),"") -> 8131010000020156 | F104: DBS | G104: =IFERROR(VLOOKUP(A104,'Salary Calculation'!$A$2:$V$999,7,0),"") -> 12380.637 | H104: Rejected
A105: CPIEMP103 | B105: =IFERROR(VLOOKUP(A105,'Salary Calculation'!A104:F1101,2,0),"") -> December | C105: =IFERROR(VLOOKUP(A105,'Salary Calculation'!$A$2:$V$999,3,0),"") -> PR 05 | D105: =IFERROR(VLOOKUP(A105,'Salary Calculation'!$A$2:$V$999,6,0),"") -> SANJAI BHAGAT | E105: =IFERROR(VLOOKUP(A105,'Salary Calculation'!$A$2:$V$999,10,0),"") -> 8131010000021225 | F105: DBS | G105: =IFERROR(VLOOKUP(A105,'Salary Calculation'!$A$2:$V$999,7,0),"") -> 6452.6734 | H105: Paid
A106: CPIEMP104 | B106: =IFERROR(VLOOKUP(A106,'Salary Calculation'!A105:F1102,2,0),"") -> December | C106: =IFERROR(VLOOKUP(A106,'Salary Calculation'!$A$2:$V$999,3,0),"") -> DR 01 | D106: =IFERROR(VLOOKUP(A106,'Salary Calculation'!$A$2:$V$999,6,0),"") -> Mathi | E106: =IFERROR(VLOOKUP(A106,'Salary Calculation'!$A$2:$V$999,10,0),"") -> 8131010000016986 | F106: DBS | G106: =IFERROR(VLOOKUP(A106,'Salary Calculation'!$A$2:$V$999,7,0),"") -> 17518.5 | H106: Paid
A107: CPIEMP105 | B107: =IFERROR(VLOOKUP(A107,'Salary Calculation'!A106:F1103,2,0),"") -> December | C107: =IFERROR(VLOOKUP(A107,'Salary Calculation'!$A$2:$V$999,3,0),"") -> PR 07 | D107: =IFERROR(VLOOKUP(A107,'Salary Calculation'!$A$2:$V$999,6,0),"") -> AMMU | E107: =IFERROR(VLOOKUP(A107,'Salary Calculation'!$A$2:$V$999,10,0),"") -> 65801000040238 | F107: Other Bank | G107: =IFERROR(VLOOKUP(A107,'Salary Calculation'!$A$2:$V$999,7,0),"") -> 10892.287 | H107: Paid
A108: CPIEMP106 | B108: =IFERROR(VLOOKUP(A108,'Salary Calculation'!A107:F1104,2,0),"") -> December | C108: =IFERROR(VLOOKUP(A108,'Salary Calculation'!$A$2:$V$999,3,0),"") -> PR 08 | D108: =IFERROR(VLOOKUP(A108,'Salary Calculation'!$A$2:$V$999,6,0),"") -> REVATHI S | E108: =IFERROR(VLOOKUP(A108,'Salary Calculation'!$A$2:$V$999,10,0),"") -> 8131010000016995 | F108: DBS | G108: =IFERROR(VLOOKUP(A108,'Salary Calculation'!$A$2:$V$999,7,0),"") -> 8653.0111 | H108: Paid
A109: CPIEMP107 | B109: =IFERROR(VLOOKUP(A109,'Salary Calculation'!A108:F1105,2,0),"") -> December | C109: =IFERROR(VLOOKUP(A109,'Salary Calculation'!$A$2:$V$999,3,0),"") -> AC 03 | D109: =IFERROR(VLOOKUP(A109,'Salary Calculation'!$A$2:$V$999,6,0),"") -> LEELA | E109: =IFERROR(VLOOKUP(A109,'Salary Calculation'!$A$2:$V$999,10,0),"") -> 8387010000017745 | F109: DBS | G109: =IFERROR(VLOOKUP(A109,'Salary Calculation'!$A$2:$V$999,7,0),"") -> 11932.915 | H109: Paid
A110: CPIEMP108 | B110: =IFERROR(VLOOKUP(A110,'Salary Calculation'!A109:F1106,2,0),"") -> December | C110: =IFERROR(VLOOKUP(A110,'Salary Calculation'!$A$2:$V$999,3,0),"") -> PR 12 | D110: =IFERROR(VLOOKUP(A110,'Salary Calculation'!$A$2:$V$999,6,0),"") -> PINU BAGH | E110: =IFERROR(VLOOKUP(A110,'Salary Calculation'!$A$2:$V$999,10,0),"") -> 8131010000018814 | F110: DBS | G110: =IFERROR(VLOOKUP(A110,'Salary Calculation'!$A$2:$V$999,7,0),"") -> 3857.87 | H110: Paid
A111: CPIEMP109 | B111: =IFERROR(VLOOKUP(A111,'Salary Calculation'!A110:F1107,2,0),"") -> December | C111: =IFERROR(VLOOKUP(A111,'Salary Calculation'!$A$2:$V$999,3,0),"") -> PR 19 | D111: =IFERROR(VLOOKUP(A111,'Salary Calculation'!$A$2:$V$999,6,0),"") -> SIDHESHWAR | E111: =IFERROR(VLOOKUP(A111,'Salary Calculation'!$A$2:$V$999,10,0),"") -> 8131010000018939 | F111: Other Bank | G111: =IFERROR(VLOOKUP(A111,'Salary Calculation'!$A$2:$V$999,7,0),"") -> 2539.6946 | H111: Paid
... A140: CPIEMP138 | B140: =IFERROR(VLOOKUP(A140,'Salary Calculation'!A139:F1136,2,0),"") -> March | C140: =IFERROR(VLOOKUP(A140,'Salary Calculation'!$A$2:$V$999,3,0),"") -> PR 05 | D140: =IFERROR(VLOOKUP(A140,'Salary Calculation'!$A$2:$V$999,6,0),"") -> SANJAI BHAGAT | E140: =IFERROR(VLOOKUP(A140,'Salary Calculation'!$A$2:$V$999,10,0),"") -> 8131010000021225 | F140: DBS | G140: =IFERROR(VLOOKUP(A140,'Salary Calculation'!$A$2:$V$999,7,0),"") -> 4562.2984 | H140: Paid
A141: CPIEMP139 | B141: =IFERROR(VLOOKUP(A141,'Salary Calculation'!A140:F1137,2,0),"") | C141: =IFERROR(VLOOKUP(A141,'Salary Calculation'!$A$2:$V$999,3,0),"") | D141: =IFERROR(VLOOKUP(A141,'Salary Calculation'!$A$2:$V$999,6,0),"") | E141: =IFERROR(VLOOKUP(A141,'Salary Calculation'!$A$2:$V$999,10,0),"") | G141: =IFERROR(VLOOKUP(A141,'Salary Calculation'!$A$2:$V$999,7,0),"")
A142: CPIEMP140 | B142: =IFERROR(VLOOKUP(A142,'Salary Calculation'!A141:F1138,2,0),"") | C142: =IFERROR(VLOOKUP(A142,'Salary Calculation'!$A$2:$V$999,3,0),"") | D142: =IFERROR(VLOOKUP(A142,'Salary Calculation'!$A$2:$V$999,6,0),"") | E142: =IFERROR(VLOOKUP(A142,'Salary Calculation'!$A$2:$V$999,10,0),"") | G142: =IFERROR(VLOOKUP(A142,'Salary Calculation'!$A$2:$V$999,7,0),"")
A143: CPIEMP141 | B143: =IFERROR(VLOOKUP(A143,'Salary Calculation'!A142:F1139,2,0),"") | C143: =IFERROR(VLOOKUP(A143,'Salary Calculation'!$A$2:$V$999,3,0),"") | D143: =IFERROR(VLOOKUP(A143,'Salary Calculation'!$A$2:$V$999,6,0),"") | E143: =IFERROR(VLOOKUP(A143,'Salary Calculation'!$A$2:$V$999,10,0),"") | G143: =IFERROR(VLOOKUP(A143,'Salary Calculation'!$A$2:$V$999,7,0),"")
A144: CPIEMP142 | B144: =IFERROR(VLOOKUP(A144,'Salary Calculation'!A143:F1140,2,0),"") | C144: =IFERROR(VLOOKUP(A144,'Salary Calculation'!$A$2:$V$999,3,0),"") | D144: =IFERROR(VLOOKUP(A144,'Salary Calculation'!$A$2:$V$999,6,0),"") | E144: =IFERROR(VLOOKUP(A144,'Salary Calculation'!$A$2:$V$999,10,0),"") | G144: =IFERROR(VLOOKUP(A144,'Salary Calculation'!$A$2:$V$999,7,0),"")
A145: CPIEMP143 | B145: =IFERROR(VLOOKUP(A145,'Salary Calculation'!A144:F1141,2,0),"") | C145: =IFERROR(VLOOKUP(A145,'Salary Calculation'!$A$2:$V$999,3,0),"") | D145: =IFERROR(VLOOKUP(A145,'Salary Calculation'!$A$2:$V$999,6,0),"") | E145: =IFERROR(VLOOKUP(A145,'Salary Calculation'!$A$2:$V$999,10,0),"") | G145: =IFERROR(VLOOKUP(A145,'Salary Calculation'!$A$2:$V$999,7,0),"")
A146: CPIEMP144 | B146: =IFERROR(VLOOKUP(A146,'Salary Calculation'!A145:F1142,2,0),"") | C146: =IFERROR(VLOOKUP(A146,'Salary Calculation'!$A$2:$V$999,3,0),"") | D146: =IFERROR(VLOOKUP(A146,'Salary Calculation'!$A$2:$V$999,6,0),"") | E146: =IFERROR(VLOOKUP(A146,'Salary Calculation'!$A$2:$V$999,10,0),"") | G146: =IFERROR(VLOOKUP(A146,'Salary Calculation'!$A$2:$V$999,7,0),"")
A147: CPIEMP145 | B147: =IFERROR(VLOOKUP(A147,'Salary Calculation'!A146:F1143,2,0),"") | C147: =IFERROR(VLOOKUP(A147,'Salary Calculation'!$A$2:$V$999,3,0),"") | D147: =IFERROR(VLOOKUP(A147,'Salary Calculation'!$A$2:$V$999,6,0),"") | E147: =IFERROR(VLOOKUP(A147,'Salary Calculation'!$A$2:$V$999,10,0),"") | G147: =IFERROR(VLOOKUP(A147,'Salary Calculation'!$A$2:$V$999,7,0),"")
A148: CPIEMP146 | B148: =IFERROR(VLOOKUP(A148,'Salary Calculation'!A147:F1144,2,0),"") | C148: =IFERROR(VLOOKUP(A148,'Salary Calculation'!$A$2:$V$999,3,0),"") | D148: =IFERROR(VLOOKUP(A148,'Salary Calculation'!$A$2:$V$999,6,0),"") | E148: =IFERROR(VLOOKUP(A148,'Salary Calculation'!$A$2:$V$999,10,0),"") | G148: =IFERROR(VLOOKUP(A148,'Salary Calculation'!$A$2:$V$999,7,0),"")
A149: CPIEMP147 | B149: =IFERROR(VLOOKUP(A149,'Salary Calculation'!A148:F1145,2,0),"") | C149: =IFERROR(VLOOKUP(A149,'Salary Calculation'!$A$2:$V$999,3,0),"") | D149: =IFERROR(VLOOKUP(A149,'Salary Calculation'!$A$2:$V$999,6,0),"") | E149: =IFERROR(VLOOKUP(A149,'Salary Calculation'!$A$2:$V$999,10,0),"") | G149: =IFERROR(VLOOKUP(A149,'Salary Calculation'!$A$2:$V$999,7,0),"")
A150: CPIEMP148 | B150: =IFERROR(VLOOKUP(A150,'Salary Calculation'!A149:F1146,2,0),"") | C150: =IFERROR(VLOOKUP(A150,'Salary Calculation'!$A$2:$V$999,3,0),"") | D150: =IFERROR(VLOOKUP(A150,'Salary Calculation'!$A$2:$V$999,6,0),"") | E150: =IFERROR(VLOOKUP(A150,'Salary Calculation'!$A$2:$V$999,10,0),"") | G150: =IFERROR(VLOOKUP(A150,'Salary Calculation'!$A$2:$V$999,7,0),"")
A151: CPIEMP149 | B151: =IFERROR(VLOOKUP(A151,'Salary Calculation'!A150:F1147,2,0),"") | C151: =IFERROR(VLOOKUP(A151,'Salary Calculation'!$A$2:$V$999,3,0),"") | D151: =IFERROR(VLOOKUP(A151,'Salary Calculation'!$A$2:$V$999,6,0),"") | E151: =IFERROR(VLOOKUP(A151,'Salary Calculation'!$A$2:$V$999,10,0),"") | G151: =IFERROR(VLOOKUP(A151,'Salary Calculation'!$A$2:$V$999,7,0),"")
A152: CPIEMP150 | B152: =IFERROR(VLOOKUP(A152,'Salary Calculation'!A151:F1148,2,0),"") | C152: =IFERROR(VLOOKUP(A152,'Salary Calculation'!$A$2:$V$999,3,0),"") | D152: =IFERROR(VLOOKUP(A152,'Salary Calculation'!$A$2:$V$999,6,0),"") | E152: =IFERROR(VLOOKUP(A152,'Salary Calculation'!$A$2:$V$999,10,0),"") | G152: =IFERROR(VLOOKUP(A152,'Salary Calculation'!$A$2:$V$999,7,0),"")
... A1000: CPIEMP998 | B1000: =IFERROR(VLOOKUP(A1000,'Salary Calculation'!A999:F1996,2,0),"") | C1000: =IFERROR(VLOOKUP(A1000,'Salary Calculation'!$A$2:$V$999,3,0),"") | D1000: =IFERROR(VLOOKUP(A1000,'Salary Calculation'!$A$2:$V$999,6,0),"") | E1000: =IFERROR(VLOOKUP(A1000,'Salary Calculation'!$A$2:$V$999,10,0),"") | G1000: =IFERROR(VLOOKUP(A1000,'Salary Calculation'!$A$2:$V$999,7,0),"")

Sheet Salary Slip
C1: CPIEMP133
C5: Challenge Packaging Industries
A9: Payslip For the | E9: =IFERROR(VLOOKUP($C$1,'Salary Calculation'!A2:C999,2,0),"") -> March | F9: 2025 | G9: =IFERROR(VLOOKUP(C1,'Salary Calculation'!A2:P999,14,0),"") -> 31 | H9: DAYS
A10: Employee Name | C10: =IFERROR(VLOOKUP($C$1,'Salary Calculation'!A2:F999,6,0),"") -> AMMU | E10: Paid / Present Days | G10: =IFERROR(VLOOKUP($C$1,'Salary Calculation'!A2:O999,15,0),"") -> 31
A11: Employee Code | C11: =IFERROR(VLOOKUP(C1,'Salary Calculation'!A2:C1001,3,0),"") -> PR 07 | E11: Absent Days | G11: =G9-G10 -> 0
A12: Earnigns | C12: Amount | E12: Deductions | G12: Amount
A14: Basic | D14: =IFERROR(VLOOKUP(C1,'Salary Calculation'!$A$2:$K$999,11,0),"") -> 9500 | E14: Salary Advance | G14: =IFERROR(VLOOKUP($C$1,'Salary Calculation'!A6:R1003,18,0),"")
A15: OT Hours | C15: =IFERROR(VLOOKUP(C1,'Salary Calculation'!$A$2:$P$999,16,0),"") -> 12 | E15: ESI | G15: =-IFERROR(VLOOKUP($C$1,'Salary Calculation'!$A$2:$V$999,22,0),"") -> -79.796371
A16: OT Payment | D16: =IFERROR(VLOOKUP($C$1,'Salary Calculation'!$A$2:$T$999,20,0),"") -> 689.51613
A17: Bonus | D17: =IFERROR(VLOOKUP($C$1,'Salary Calculation'!$A$2:$T$999,17,0),"") -> 450
A18: Total Payment | C18: =D14+D16 -> 10189.516 | E18: Total Deduction | G18: =G15-G14 -> -79.796371
A20: NET PAY | E20: =IFERROR(VLOOKUP($C$1,'Salary Calculation'!$A$2:$U$999,7,0),"") -> 10559.72
A22: INR | B22: =NUMBERTEXT(E20) -> ten thousand five hundred fifty-nine point seven one nine seven five eight zero six four five one five

Sheet Increment of 25-26
A1: Emp Id | B1: Name | D1: April | F1: May | H1: June | J1: July | L1: August | N1: September | P1: October | R1: November | T1: December | V1: January | X1: February | Z1: March | AA1: Total Present
A2: AC 01 | B2: =IFERROR(VLOOKUP(A2,'Employees List'!B2:C982,2,0),"") -> BHUVANESWARAN | C2: =$D$1&B2 -> AprilBHUVANESWARAN | D2: =IFERROR(VLOOKUP(C2,'Daily Attendance Report 24-25'!A1:BP982,5,0),"") -> 30 | E2: =$F$1&B2 -> MayBHUVANESWARAN | F2: =IFERROR(VLOOKUP(E2,'Daily Attendance Report 24-25'!$A$1:BR982,5,0),"") -> 31 | G2: =$H$1&B2 -> JuneBHUVANESWARAN | H2: =IFERROR(VLOOKUP(G2,'Daily Attendance Report 24-25'!$A$1:BT982,5,0),"") -> 30 | I2: =$J$1&B2 -> JulyBHUVANESWARAN | J2: =IFERROR(VLOOKUP(I2,'Daily Attendance Report 24-25'!$A$1:BV982,5,0),"") -> 31 | K2: =$L$1&B2 -> AugustBHUVANESWARAN | L2: =IFERROR(VLOOKUP(K2,'Daily Attendance Report 24-25'!$A$1:BX982,5,0),"") -> 31 | M2: =$N$1&B2 -> SeptemberBHUVANESWARAN | N2: =IFERROR(VLOOKUP(M2,'Daily Attendance Report 24-25'!$A$1:BZ982,5,0),"") -> 30 | O2: =$P$1&B2 -> OctoberBHUVANESWARAN | P2: =IFERROR(VLOOKUP(O2,'Daily Attendance Report 24-25'!$A$1:CB982,5,0),"") -> 31 | Q2: =$R$1&B2 -> NovemberBHUVANESWARAN | R2: =IFERROR(VLOOKUP(Q2,'Daily Attendance Report 24-25'!$A$1:CD982,5,0),"") -> 30 | S2: =$T$1&B2 -> DecemberBHUVANESWARAN | T2: =IFERROR(VLOOKUP(S2,'Daily Attendance Report 24-25'!$A$1:CF982,5,0),"") -> 31 | U2: =$V$1&B2 -> JanuaryBHUVANESWARAN | V2: =IFERROR(VLOOKUP(U2,'Daily Attendance Report 24-25'!$A$1:CH982,5,0),"") -> 31 | W2: =$X$1&B2 -> FebruaryBHUVANESWARAN | X2: =IFERROR(VLOOKUP(W2,'Daily Attendance Report 24-25'!$A$1:CJ982,5,0),"") -> 28 | Y2: =$Z$1&B2 -> MarchBHUVANESWARAN | Z2: =IFERROR(VLOOKUP(Y2,'Daily Attendance Report 24-25'!$A$1:CL982,5,0),"") -> 31 | AA2: =SUM(D2:Z2) -> 365
A3: PR 01 | B3: =IFERROR(VLOOKUP(A3,'Employees List'!B3:C982,2,0),"") -> VASANTHA | C3: =$D$1&B3 -> AprilVASANTHA | D3: =IFERROR(VLOOKUP(C3,'Daily Attendance Report 24-25'!A2:BP982,5,0),"") -> 21 | E3: =$F$1&B3 -> MayVASANTHA | F3: =IFERROR(VLOOKUP(E3,'Daily Attendance Report 24-25'!$A$1:BR982,5,0),"") -> 28.5 | G3: =$H$1&B3 -> JuneVASANTHA | H3: =IFERROR(VLOOKUP(G3,'Daily Attendance Report 24-25'!$A$1:BT982,5,0),"") -> 28 | I3: =$J$1&B3 -> JulyVASANTHA | J3: =IFERROR(VLOOKUP(I3,'Daily Attendance Report 24-25'!$A$1:BV982,5,0),"") -> 26.5 | K3: =$L$1&B3 -> AugustVASANTHA | L3: =IFERROR(VLOOKUP(K3,'Daily Attendance Report 24-25'!$A$1:BP982,5,0),"") -> 30 | M3: =$N$1&B3 -> SeptemberVASANTHA | N3: =IFERROR(VLOOKUP(M3,'Daily Attendance Report 24-25'!$A$1:BZ982,5,0),"") -> 27 | O3: =$P$1&B3 -> OctoberVASANTHA | P3: =IFERROR(VLOOKUP(O3,'Daily Attendance Report 24-25'!$A$1:CB982,5,0),"") -> 23 | Q3: =$R$1&B3 -> NovemberVASANTHA | R3: =IFERROR(VLOOKUP(Q3,'Daily Attendance Report 24-25'!$A$1:CD982,5,0),"") -> 13 | S3: =$T$1&B3 -> DecemberVASANTHA | T3: =IFERROR(VLOOKUP(S3,'Daily Attendance Report 24-25'!$A$1:CF982,5,0),"") | U3: =$V$1&B3 -> JanuaryVASANTHA | V3: =IFERROR(VLOOKUP(U3,'Daily Attendance Report 24-25'!$A$1:CH982,5,0),"") | W3: =$X$1&B3 -> FebruaryVASANTHA | X3: =IFERROR(VLOOKUP(W3,'Daily Attendance Report 24-25'!$A$1:CJ982,5,0),"") | Y3: =$Z$1&B3 -> MarchVASANTHA | Z3: =IFERROR(VLOOKUP(Y3,'Daily Attendance Report 24-25'!$A$1:CL982,5,0),"") | AA3: =SUM(D3:Z3) -> 197
A4: PR 02 | B4: =IFERROR(VLOOKUP(A4,'Employees List'!B4:C982,2,0),"") -> GANESH | C4: =$D$1&B4 -> AprilGANESH | D4: =IFERROR(VLOOKUP(C4,'Daily Attendance Report 24-25'!A3:BP982,5,0),"") -> 24 | E4: =$F$1&B4 -> MayGANESH | F4: =IFERROR(VLOOKUP(E4,'Daily Attendance Report 24-25'!$A$1:BR982,5,0),"") -> 21 | G4: =$H$1&B4 -> JuneGANESH | H4: =IFERROR(VLOOKUP(G4,'Daily Attendance Report 24-25'!$A$1:BT982,5,0),"") -> 30 | I4: =$J$1&B4 -> JulyGANESH | J4: =IFERROR(VLOOKUP(I4,'Daily Attendance Report 24-25'!$A$1:BV982,5,0),"") -> 25.5 | K4: =$L$1&B4 -> AugustGANESH | L4: =IFERROR(VLOOKUP(K4,'Daily Attendance Report 24-25'!$A$1:BP982,5,0),"") -> 30 | M4: =$N$1&B4 -> SeptemberGANESH | N4: =IFERROR(VLOOKUP(M4,'Daily Attendance Report 24-25'!$A$1:BZ982,5,0),"") -> 24.5 | O4: =$P$1&B4 -> OctoberGANESH | P4: =IFERROR(VLOOKUP(O4,'Daily Attendance Report 24-25'!$A$1:CB982,5,0),"") -> 21 | Q4: =$R$1&B4 -> NovemberGANESH | R4: =IFERROR(VLOOKUP(Q4,'Daily Attendance Report 24-25'!$A$1:CD982,5,0),"") -> 23 | S4: =$T$1&B4 -> DecemberGANESH | T4: =IFERROR(VLOOKUP(S4,'Daily Attendance Report 24-25'!$A$1:CF982,5,0),"") -> 31 | U4: =$V$1&B4 -> JanuaryGANESH | V4: =IFERROR(VLOOKUP(U4,'Daily Attendance Report 24-25'!$A$1:CH982,5,0),"") -> 31 | W4: =$X$1&B4 -> FebruaryGANESH | X4: =IFERROR(VLOOKUP(W4,'Daily Attendance Report 24-25'!$A$1:CJ982,5,0),"") -> 24.5 | Y4: =$Z$1&B4 -> MarchGANESH | Z4: =IFERROR(VLOOKUP(Y4,'Daily Attendance Report 24-25'!$A$1:CL982,5,0),"") -> 30.5 | AA4: =SUM(D4:Z4) -> 316
A5: PR 03 | B5: =IFERROR(VLOOKUP(A5,'Employees List'!B5:C982,2,0),"") -> ADHIKARI BALIA | C5: =$D$1&B5 -> AprilADHIKARI BALIA | D5: =IFERROR(VLOOKUP(C5,'Daily Attendance Report 24-25'!A4:BP982,5,0),"") -> 11.5 | E5: =$F$1&B5 -> MayADHIKARI BALIA | F5: =IFERROR(VLOOKUP(E5,'Daily Attendance Report 24-25'!$A$1:BR982,5,0),"") -> 18.5 | G5: =$H$1&B5 -> JuneADHIKARI BALIA | H5: =IFERROR(VLOOKUP(G5,'Daily Attendance Report 24-25'!$A$1:BT982,5,0),"") -> 30 | I5: =$J$1&B5 -> JulyADHIKARI BALIA | J5: =IFERROR(VLOOKUP(I5,'Daily Attendance Report 24-25'!$A$1:BV982,5,0),"") -> 30 | K5: =$L$1&B5 -> AugustADHIKARI BALIA | L5: =IFERROR(VLOOKUP(K5,'Daily Attendance Report 24-25'!$A$1:BP982,5,0),"") -> 29 | M5: =$N$1&B5 -> SeptemberADHIKARI BALIA | N5: =IFERROR(VLOOKUP(M5,'Daily Attendance Report 24-25'!$A$1:BZ982,5,0),"") -> 30 | O5: =$P$1&B5 -> OctoberADHIKARI BALIA | P5: =IFERROR(VLOOKUP(O5,'Daily Attendance Report 24-25'!$A$1:CB982,5,0),"") -> 30.5 | Q5: =$R$1&B5 -> NovemberADHIKARI BALIA | R5: =IFERROR(VLOOKUP(Q5,'Daily Attendance Report 24-25'!$A$1:CD982,5,0),"") -> 28 | S5: =$T$1&B5 -> DecemberADHIKARI BALIA | T5: =IFERROR(VLOOKUP(S5,'Daily Attendance Report 24-25'!$A$1:CF982,5,0),"") -> 24.5 | U5: =$V$1&B5 -> JanuaryADHIKARI BALIA | V5: =IFERROR(VLOOKUP(U5,'Daily Attendance Report 24-25'!$A$1:CH982,5,0),"") | W5: =$X$1&B5 -> FebruaryADHIKARI BALIA | X5: =IFERROR(VLOOKUP(W5,'Daily Attendance Report 24-25'!$A$1:CJ982,5,0),"") | Y5: =$Z$1&B5 -> MarchADHIKARI BALIA | Z5: =IFERROR(VLOOKUP(Y5,'Daily Attendance Report 24-25'!$A$1:CL982,5,0),"") | AA5: =SUM(D5:Z5) -> 232
A6: PR 04 | B6: =IFERROR(VLOOKUP(A6,'Employees List'!B6:C982,2,0),"") -> RUPESH | C6: =$D$1&B6 -> AprilRUPESH | D6: =IFERROR(VLOOKUP(C6,'Daily Attendance Report 24-25'!A5:BP982,5,0),"") | E6: =$F$1&B6 -> MayRUPESH | F6: =IFERROR(VLOOKUP(E6,'Daily Attendance Report 24-25'!$A$1:BR982,5,0),"") -> 19 | G6: =$H$1&B6 -> JuneRUPESH | H6: =IFERROR(VLOOKUP(G6,'Daily Attendance Report 24-25'!$A$1:BT982,5,0),"") -> 30 | I6: =$J$1&B6 -> JulyRUPESH | J6: =IFERROR(VLOOKUP(I6,'Daily Attendance Report 24-25'!$A$1:BV982,5,0),"") -> 31 | K6: =$L$1&B6 -> AugustRUPESH | L6: =IFERROR(VLOOKUP(K6,'Daily Attendance Report 24-25'!$A$1:BP982,5,0),"") -> 31 | M6: =$N$1&B6 -> SeptemberRUPESH | N6: =IFERROR(VLOOKUP(M6,'Daily Attendance Report 24-25'!$A$1:BZ982,5,0),"") -> 29 | O6: =$P$1&B6 -> OctoberRUPESH | P6: =IFERROR(VLOOKUP(O6,'Daily Attendance Report 24-25'!$A$1:CB982,5,0),"") -> 31 | Q6: =$R$1&B6 -> NovemberRUPESH | R6: =IFERROR(VLOOKUP(Q6,'Daily Attendance Report 24-25'!$A$1:CD982,5,0),"") -> 28 | S6: =$T$1&B6 -> DecemberRUPESH | T6: =IFERROR(VLOOKUP(S6,'Daily Attendance Report 24-25'!$A$1:CF982,5,0),"") -> 24.5 | U6: =$V$1&B6 -> JanuaryRUPESH | V6: =IFERROR(VLOOKUP(U6,'Daily Attendance Report 24-25'!$A$1:CH982,5,0),"") | W6: =$X$1&B6 -> FebruaryRUPESH | X6: =IFERROR(VLOOKUP(W6,'Daily Attendance Report 24-25'!$A$1:CJ982,5,0),"") | Y6: =$Z$1&B6 -> MarchRUPESH | Z6: =IFERROR(VLOOKUP(Y6,'Daily Attendance Report 24-25'!$A$1:CL982,5,0),"") | AA6: =SUM(D6:Z6) -> 223.5
A7: PR 05 | B7: =IFERROR(VLOOKUP(A7,'Employees List'!B7:C982,2,0),"") -> SANJAI BHAGAT | C7: =$D$1&B7 -> AprilSANJAI BHAGAT | D7: =IFERROR(VLOOKUP(C7,'Daily Attendance Report 24-25'!A6:BP982,5,0),"") -> 12.5 | E7: =$F$1&B7 -> MaySANJAI BHAGAT | F7: =IFERROR(VLOOKUP(E7,'Daily Attendance Report 24-25'!$A$1:BR982,5,0),"") -> 19 | G7: =$H$1&B7 -> JuneSANJAI BHAGAT | H7: =IFERROR(VLOOKUP(G7,'Daily Attendance Report 24-25'!$A$1:BT982,5,0),"") -> 30 | I7: =$J$1&B7 -> JulySANJAI BHAGAT | J7: =IFERROR(VLOOKUP(I7,'Daily Attendance Report 24-25'!$A$1:BV982,5,0),"") -> 31 | K7: =$L$1&B7 -> AugustSANJAI BHAGAT | L7: =IFERROR(VLOOKUP(K7,'Daily Attendance Report 24-25'!$A$1:BP982,5,0),"") -> 28 | M7: =$N$1&B7 -> SeptemberSANJAI BHAGAT | N7: =IFERROR(VLOOKUP(M7,'Daily Attendance Report 24-25'!$A$1:BZ982,5,0),"") -> 30 | O7: =$P$1&B7 -> OctoberSANJAI BHAGAT | P7: =IFERROR(VLOOKUP(O7,'Daily Attendance Report 24-25'!$A$1:CB982,5,0),"") -> 30 | Q7: =$R$1&B7 -> NovemberSANJAI BHAGAT | R7: =IFERROR(VLOOKUP(Q7,'Daily Attendance Report 24-25'!$A$1:CD982,5,0),"") -> 29 | S7: =$T$1&B7 -> DecemberSANJAI BHAGAT | T7: =IFERROR(VLOOKUP(S7,'Daily Attendance Report 24-25'!$A$1:CF982,5,0),"") -> 24.5 | U7: =$V$1&B7 -> JanuarySANJAI BHAGAT | V7: =IFERROR(VLOOKUP(U7,'Daily Attendance Report 24-25'!$A$1:CH982,5,0),"") | W7: =$X$1&B7 -> FebruarySANJAI BHAGAT | X7: =IFERROR(VLOOKUP(W7,'Daily Attendance Report 24-25'!$A$1:CJ982,5,0),"") | Y7: =$Z$1&B7 -> MarchSANJAI BHAGAT | Z7: =IFERROR(VLOOKUP(Y7,'Daily Attendance Report 24-25'!$A$1:CL982,5,0),"") -> 7 | AA7: =SUM(D7:Z7) -> 241
A8: PR 07 | B8: =IFERROR(VLOOKUP(A8,'Employees List'!B8:C982,2,0),"") -> AMMU | C8: =$D$1&B8 -> AprilAMMU | D8: =IFERROR(VLOOKUP(C8,'Daily Attendance Report 24-25'!A7:BP982,5,0),"") | E8: =$F$1&B8 -> MayAMMU | F8: =IFERROR(VLOOKUP(E8,'Daily Attendance Report 24-25'!$A$1:BR982,5,0),"") | G8: =$H$1&B8 -> JuneAMMU | H8: =IFERROR(VLOOKUP(G8,'Daily Attendance Report 24-25'!$A$1:BT982,5,0),"") | I8: =$J$1&B8 -> JulyAMMU | J8: =IFERROR(VLOOKUP(I8,'Daily Attendance Report 24-25'!$A$1:BV982,5,0),"") | K8: =$L$1&B8 -> AugustAMMU | L8: =IFERROR(VLOOKUP(K8,'Daily Attendance Report 24-25'!$A$1:BP982,5,0),"") -> 30 | M8: =$N$1&B8 -> SeptemberAMMU | N8: =IFERROR(VLOOKUP(M8,'Daily Attendance Report 24-25'!$A$1:BZ982,5,0),"") -> 30 | O8: =$P$1&B8 -> OctoberAMMU | P8: =IFERROR(VLOOKUP(O8,'Daily Attendance Report 24-25'!$A$1:CB982,5,0),"") -> 31 | Q8: =$R$1&B8 -> NovemberAMMU | R8: =IFERROR(VLOOKUP(Q8,'Daily Attendance Report 24-25'!$A$1:CD982,5,0),"") -> 25 | S8: =$T$1&B8 -> DecemberAMMU | T8: =IFERROR(VLOOKUP(S8,'Daily Attendance Report 24-25'!$A$1:CF982,5,0),"") -> 31 | U8: =$V$1&B8 -> JanuaryAMMU | V8: =IFERROR(VLOOKUP(U8,'Daily Attendance Report 24-25'!$A$1:CH982,5,0),"") -> 29 | W8: =$X$1&B8 -> FebruaryAMMU | X8: =IFERROR(VLOOKUP(W8,'Daily Attendance Report 24-25'!$A$1:CJ982,5,0),"") -> 27 | Y8: =$Z$1&B8 -> MarchAMMU | Z8: =IFERROR(VLOOKUP(Y8,'Daily Attendance Report 24-25'!$A$1:CL982,5,0),"") -> 30.5 | AA8: =SUM(D8:Z8) -> 233.5
A9: PR 08 | B9: =IFERROR(VLOOKUP(A9,'Employees List'!B9:C982,2,0),"") -> REVATHI S | C9: =$D$1&B9 -> AprilREVATHI S | D9: =IFERROR(VLOOKUP(C9,'Daily Attendance Report 24-25'!A8:BP982,5,0),"") | E9: =$F$1&B9 -> MayREVATHI S | F9: =IFERROR(VLOOKUP(E9,'Daily Attendance Report 24-25'!$A$1:BR982,5,0),"") | G9: =$H$1&B9 -> JuneREVATHI S | H9: =IFERROR(VLOOKUP(G9,'Daily Attendance Report 24-25'!$A$1:BT982,5,0),"") | I9: =$J$1&B9 -> JulyREVATHI S | J9: =IFERROR(VLOOKUP(I9,'Daily Attendance Report 24-25'!$A$1:BV982,5,0),"") | K9: =$L$1&B9 -> AugustREVATHI S | L9: =IFERROR(VLOOKUP(K9,'Daily Attendance Report 24-25'!$A$1:BP982,5,0),"") -> 20.5 | M9: =$N$1&B9 -> SeptemberREVATHI S | N9: =IFERROR(VLOOKUP(M9,'Daily Attendance Report 24-25'!$A$1:BZ982,5,0),"") -> 26 | O9: =$P$1&B9 -> OctoberREVATHI S | P9: =IFERROR(VLOOKUP(O9,'Daily Attendance Report 24-25'!$A$1:CB982,5,0),"") -> 29 | Q9: =$R$1&B9 -> NovemberREVATHI S | R9: =IFERROR(VLOOKUP(Q9,'Daily Attendance Report 24-25'!$A$1:CD982,5,0),"") -> 29 | S9: =$T$1&B9 -> DecemberREVATHI S | T9: =IFERROR(VLOOKUP(S9,'Daily Attendance Report 24-25'!$A$1:CF982,5,0),"") -> 27.5 | U9: =$V$1&B9 -> JanuaryREVATHI S | V9: =IFERROR(VLOOKUP(U9,'Daily Attendance Report 24-25'!$A$1:CH982,5,0),"") -> 28 | W9: =$X$1&B9 -> FebruaryREVATHI S | X9: =IFERROR(VLOOKUP(W9,'Daily Attendance Report 24-25'!$A$1:CJ982,5,0),"") -> 25.5 | Y9: =$Z$1&B9 -> MarchREVATHI S | Z9: =IFERROR(VLOOKUP(Y9,'Daily Attendance Report 24-25'!$A$1:CL982,5,0),"") -> 29 | AA9: =SUM(D9:Z9) -> 214.5
A10: AC 02 | B10: =IFERROR(VLOOKUP(A10,'Employees List'!B10:C982,2,0),"") -> SUNDARI | C10: =$D$1&B10 -> AprilSUNDARI | D10: =IFERROR(VLOOKUP(C10,'Daily Attendance Report 24-25'!A9:BP982,5,0),"") -> 30 | E10: =$F$1&B10 -> MaySUNDARI | F10: =IFERROR(VLOOKUP(E10,'Daily Attendance Report 24-25'!$A$1:BR982,5,0),"") -> 31 | G10: =$H$1&B10 -> JuneSUNDARI | H10: =IFERROR(VLOOKUP(G10,'Daily Attendance Report 24-25'!$A$1:BT982,5,0),"") -> 30 | I10: =$J$1&B10 -> JulySUNDARI | J10: =IFERROR(VLOOKUP(I10,'Daily Attendance Report 24-25'!$A$1:BV982,5,0),"") -> 31 | K10: =$L$1&B10 -> AugustSUNDARI | L10: =IFERROR(VLOOKUP(K10,'Daily Attendance Report 24-25'!$A$1:BP982,5,0),"") -> 31 | M10: =$N$1&B10 -> SeptemberSUNDARI | N10: =IFERROR(VLOOKUP(M10,'Daily Attendance Report 24-25'!$A$1:BZ982,5,0),"") -> 30 | O10: =$P$1&B10 -> OctoberSUNDARI | P10: =IFERROR(VLOOKUP(O10,'Daily Attendance Report 24-25'!$A$1:CB982,5,0),"") -> 31 | Q10: =$R$1&B10 -> NovemberSUNDARI | R10: =IFERROR(VLOOKUP(Q10,'Daily Attendance Report 24-25'!$A$1:CD982,5,0),"") -> 30 | S10: =$T$1&B10 -> DecemberSUNDARI | T10: =IFERROR(VLOOKUP(S10,'Daily Attendance Report 24-25'!$A$1:CF982,5,0),"") -> 31 | U10: =$V$1&B10 -> JanuarySUNDARI | V10: =IFERROR(VLOOKUP(U10,'Daily Attendance Report 24-25'!$A$1:CH982,5,0),"") -> 31 | W10: =$X$1&B10 -> FebruarySUNDARI | X10: =IFERROR(VLOOKUP(W10,'Daily Attendance Report 24-25'!$A$1:CJ982,5,0),"") -> 28 | Y10: =$Z$1&B10 -> MarchSUNDARI | Z10: =IFERROR(VLOOKUP(Y10,'Daily Attendance Report 24-25'!$A$1:CL982,5,0),"") -> 31 | AA10: =SUM(D10:Z10) -> 365
A11: AC 03 | B11: =IFERROR(VLOOKUP(A11,'Employees List'!B11:C982,2,0),"") -> LEELA | C11: =$D$1&B11 -> AprilLEELA | D11: =IFERROR(VLOOKUP(C11,'Daily Attendance Report 24-25'!A10:BP982,5,0),"") | E11: =$F$1&B11 -> MayLEELA | F11: =IFERROR(VLOOKUP(E11,'Daily Attendance Report 24-25'!$A$1:BR982,5,0),"") | G11: =$H$1&B11 -> JuneLEELA | H11: =IFERROR(VLOOKUP(G11,'Daily Attendance Report 24-25'!$A$1:BT982,5,0),"") | I11: =$J$1&B11 -> JulyLEELA | J11: =IFERROR(VLOOKUP(I11,'Daily Attendance Report 24-25'!$A$1:BV982,5,0),"") | K11: =$L$1&B11 -> AugustLEELA | L11: =IFERROR(VLOOKUP(K11,'Daily Attendance Report 24-25'!$A$1:BP982,5,0),"") -> 29 | M11: =$N$1&B11 -> SeptemberLEELA | N11: =IFERROR(VLOOKUP(M11,'Daily Attendance Report 24-25'!$A$1:BZ982,5,0),"") -> 30 | O11: =$P$1&B11 -> OctoberLEELA | P11: =IFERROR(VLOOKUP(O11,'Daily Attendance Report 24-25'!$A$1:CB982,5,0),"") -> 30 | Q11: =$R$1&B11 -> NovemberLEELA | R11: =IFERROR(VLOOKUP(Q11,'Daily Attendance Report 24-25'!$A$1:CD982,5,0),"") -> 28 | S11: =$T$1&B11 -> DecemberLEELA | T11: =IFERROR(VLOOKUP(S11,'Daily Attendance Report 24-25'!$A$1:CF982,5,0),"") -> 30 | U11: =$V$1&B11 -> JanuaryLEELA | V11: =IFERROR(VLOOKUP(U11,'Daily Attendance Report 24-25'!$A$1:CH982,5,0),"") -> 31 | W11: =$X$1&B11 -> FebruaryLEELA | X11: =IFERROR(VLOOKUP(W11,'Daily Attendance Report 24-25'!$A$1:CJ982,5,0),"") -> 28 | Y11: =$Z$1&B11 -> MarchLEELA | Z11: =IFERROR(VLOOKUP(Y11,'Daily Attendance Report 24-25'!$A$1:CL982,5,0),"") -> 31 | AA11: =SUM(D11:Z11) -> 237
A12: DR 01 | B12: =IFERROR(VLOOKUP(A12,'Employees List'!B12:C982,2,0),"") -> Mathi | C12: =$D$1&B12 -> AprilMathi | D12: =IFERROR(VLOOKUP(C12,'Daily Attendance Report 24-25'!A11:BP982,5,0),"") -> 28 | E12: =$F$1&B12 -> MayMathi | F12: =IFERROR(VLOOKUP(E12,'Daily Attendance Report 24-25'!$A$1:BR982,5,0),"") -> 30.5 | G12: =$H$1&B12 -> JuneMathi | H12: =IFERROR(VLOOKUP(G12,'Daily Attendance Report 24-25'!$A$1:BT982,5,0),"") -> 28 | I12: =$J$1&B12 -> JulyMathi | J12: =IFERROR(VLOOKUP(I12,'Daily Attendance Report 24-25'!$A$1:BV982,5,0),"") -> 26 | K12: =$L$1&B12 -> AugustMathi | L12: =IFERROR(VLOOKUP(K12,'Daily Attendance Report 24-25'!$A$1:BP982,5,0),"") -> 16.5 | M12: =$N$1&B12 -> SeptemberMathi | N12: =IFERROR(VLOOKUP(M12,'Daily Attendance Report 24-25'!$A$1:BZ982,5,0),"") -> 29 | O12: =$P$1&B12 -> OctoberMathi | P12: =IFERROR(VLOOKUP(O12,'Daily Attendance Report 24-25'!$A$1:CB982,5,0),"") -> 29 | Q12: =$R$1&B12 -> NovemberMathi | R12: =IFERROR(VLOOKUP(Q12,'Daily Attendance Report 24-25'!$A$1:CD982,5,0),"") -> 28 | S12: =$T$1&B12 -> DecemberMathi | T12: =IFERROR(VLOOKUP(S12,'Daily Attendance Report 24-25'!$A$1:CF982,5,0),"") -> 29.5 | U12: =$V$1&B12 -> JanuaryMathi | V12: =IFERROR(VLOOKUP(U12,'Daily Attendance Report 24-25'!$A$1:CH982,5,0),"") -> 19.5 | W12: =$X$1&B12 -> FebruaryMathi | X12: =IFERROR(VLOOKUP(W12,'Daily Attendance Report 24-25'!$A$1:CJ982,5,0),"") -> 25 | Y12: =$Z$1&B12 -> MarchMathi | Z12: =IFERROR(VLOOKUP(Y12,'Daily Attendance Report 24-25'!$A$1:CL982,5,0),"") -> 23.5 | AA12: =SUM(D12:Z12) -> 312.5
A13: PR 21 | B13: =IFERROR(VLOOKUP(A13,'Employees List'!B13:C982,2,0),"") -> LIPAN | C13: =$D$1&B13 -> AprilLIPAN | D13: =IFERROR(VLOOKUP(C13,'Daily Attendance Report 24-25'!A12:BP982,5,0),"") -> 11.5 | E13: =$F$1&B13 -> MayLIPAN | F13: =IFERROR(VLOOKUP(E13,'Daily Attendance Report 24-25'!$A$1:BR982,5,0),"") | G13: =$H$1&B13 -> JuneLIPAN | H13: =IFERROR(VLOOKUP(G13,'Daily Attendance Report 24-25'!$A$1:BT982,5,0),"") -> 11 | I13: =$J$1&B13 -> JulyLIPAN | J13: =IFERROR(VLOOKUP(I13,'Daily Attendance Report 24-25'!$A$1:BV982,5,0),"") -> 30 | K13: =$L$1&B13 -> AugustLIPAN | L13: =IFERROR(VLOOKUP(K13,'Daily Attendance Report 24-25'!$A$1:BP982,5,0),"") -> 31 | M13: =$N$1&B13 -> SeptemberLIPAN | N13: =IFERROR(VLOOKUP(M13,'Daily Attendance Report 24-25'!$A$1:BZ982,5,0),"") -> 28 | O13: =$P$1&B13 -> OctoberLIPAN | P13: =IFERROR(VLOOKUP(O13,'Daily Attendance Report 24-25'!$A$1:CB982,5,0),"") -> 31 | Q13: =$R$1&B13 -> NovemberLIPAN | R13: =IFERROR(VLOOKUP(Q13,'Daily Attendance Report 24-25'!$A$1:CD982,5,0),"") -> 28.5 | S13: =$T$1&B13 -> DecemberLIPAN | T13: =IFERROR(VLOOKUP(S13,'Daily Attendance Report 24-25'!$A$1:CF982,5,0),"") | U13: =$V$1&B13 -> JanuaryLIPAN | V13: =IFERROR(VLOOKUP(U13,'Daily Attendance Report 24-25'!$A$1:CH982,5,0),"") | W13: =$X$1&B13 -> FebruaryLIPAN | X13: =IFERROR(VLOOKUP(W13,'Daily Attendance Report 24-25'!$A$1:CJ982,5,0),"") | Y13: =$Z$1&B13 -> MarchLIPAN | Z13: =IFERROR(VLOOKUP(Y13,'Daily Attendance Report 24-25'!$A$1:CL982,5,0),"") | AA13: =SUM(D13:Z13) -> 171
